gas_level,temperature,humidity,movement,gas_rate_per_min,inactivity_duration_sec,posture_code,hazard_label
6.419512183877369,21.379195964714803,44.03056756012626,1.0,-2.1825819076358277,6.118492514187682,1.0,0
13.236890748247362,25.502276106582688,56.19848840605799,1.0,1.6915294417746436,1.4478041444923302,2.0,0
15.43687094092105,29.14936350409842,59.33937029236631,1.0,-0.5508555011989288,0.9632486822664729,2.0,0
10.912756534337282,27.21864655159789,42.21207197746322,1.0,2.7508448190365633,1.2843959849637643,1.0,0
16.348481554857464,21.853516966679884,40.513792897388164,1.0,1.3653236754971179,2.100980052919348,2.0,0
28.993704190384477,36.67440096533783,67.71760723034116,1.0,2.000348838147012,29.467216376758017,1.0,1
18.72648263778906,28.347417757961683,46.867734043552886,1.0,0.4428488625609047,4.029613388276246,2.0,0
34.30387727164803,36.68106963062646,63.45358575203636,1.0,5.331755360543936,1.7604572899442688,2.0,1
56.40376429445234,67.25587656070051,79.52447945349044,0.0,14.45735537878035,88.57375769098607,0.0,2
9.671702604318313,23.168743816324625,49.37113989182269,1.0,-0.9647750130405457,8.711634785198012,2.0,0
28.410498371606067,34.70412951266873,70.14764117547254,1.0,3.4706930860113925,44.41120028856153,1.0,1
11.390100847478077,29.324591427821073,55.44304055231676,1.0,1.8557712004335138,0.7878616499599811,2.0,0
46.43376174167388,36.65411282569397,66.79969678505816,0.0,5.807068649642262,0.1178435165055215,1.0,1
6.769845893737756,24.549128584063233,51.40573877462781,1.0,2.207377623854841,0.22529749857237658,2.0,0
16.941904499249766,30.595925897957276,49.380814950363074,1.0,0.3481419568928058,3.160940624048464,2.0,0
17.55363655727255,20.11974531990139,54.81327162133252,1.0,1.111610671023429,1.157035924800047,2.0,0
27.183436220009217,39.44106399169806,53.89650918967693,0.0,4.318940531820471,14.675663257724633,2.0,1
13.158960190191099,31.580184433453663,42.970135632873614,1.0,1.347175986183521,0.65138981455739,2.0,0
6.550503751827736,21.15841364234529,53.44767686583407,1.0,-1.7001315274389346,3.9236325764492017,2.0,0
72.688667865581,65.38237035390847,82.2782943448859,0.0,16.375281018125623,46.16202078697513,1.0,2
17.883383877894275,20.15129023970911,43.62366558100165,1.0,0.6698047604110673,3.379291682868442,2.0,0
41.88702180916398,34.66450803490559,50.91769957011571,1.0,8.169210972406734,27.88782653139121,2.0,1
19.84819504738823,27.791867894922582,54.97926301720797,1.0,1.8359045163568353,7.760717497754925,1.0,0
46.09797234567316,37.46727935219676,59.80319637466971,1.0,2.2442332185796423,12.799587673378504,2.0,1
17.33723164260212,24.142677713620305,51.537624026224165,1.0,1.9178627519090616,2.773918197983487,2.0,0
8.147259790256534,29.511141395460598,43.97263227723738,1.0,-0.4728995008743836,4.918580535777394,1.0,0
39.63591925231606,37.2632201906163,55.9794198714344,1.0,3.879770455072941,10.83316844888042,2.0,1
9.228142633989709,30.51583319770774,46.55685675771637,1.0,3.0897675026061027,1.3795452373491652,2.0,0
15.469674199099178,24.285453911606034,54.83955459027972,1.0,1.7957520408717804,2.3571035004232073,2.0,0
86.59550776212892,47.373662843949695,65.42734768326729,0.0,17.751252226021286,84.1329280765828,1.0,2
6.515115345972283,31.77341489441523,54.34523751731513,1.0,0.7119502283501882,7.902314258881737,2.0,0
27.17251217918054,39.779127728778846,51.280988528660615,1.0,7.911357121233683,7.883844256019026,2.0,1
42.81116635139688,38.27727727190657,61.447979179990526,1.0,9.185354300874963,40.816528788277196,2.0,1
17.593066501821475,29.435338392608397,47.09795366973108,1.0,1.2504048072560225,0.05557884311831764,2.0,0
6.077374498037051,22.405694186340835,56.56877341877981,1.0,0.6591790356869859,4.314690643685207,2.0,0
12.268197312095344,22.256296815384992,53.357358134016266,1.0,-0.5339611265787492,5.224165906244729,1.0,0
9.211426821519677,25.12987625504738,42.40775157578178,1.0,-1.2556352004225593,0.6694641083019643,2.0,0
81.2036823178041,65.3786789742932,87.78664994273689,0.0,21.20437773790171,117.04294817484747,1.0,2
8.392221665795468,28.91457792401527,58.19096946024277,1.0,-0.05264470017689163,4.49357381014268,1.0,0
7.222076404583391,22.790071906493974,59.33116878761088,1.0,3.4331859913204337,4.496912377140514,1.0,0
11.54666138623273,25.816355445560564,42.32716970328992,1.0,-1.194096206580951,3.9946844348011106,2.0,0
14.881049764184409,30.386925747494626,43.02891043870714,1.0,0.09675895929385758,1.8354309295113138,2.0,0
30.59944227535061,36.8117168307092,63.976532194131295,0.0,1.5525704539090723,27.0929536167582,2.0,1
87.01177510714206,50.29486616809313,84.37812217961503,0.0,23.73516363914988,80.64723404523467,1.0,2
16.27953007483695,29.320526683462177,46.95037590627509,1.0,-1.2512772730989357,1.1965997807518867,2.0,0
16.348348287954998,23.894141602104106,44.181947291792284,1.0,-0.17648239740324612,7.736911605433235,2.0,0
21.369756879038857,25.68705464139323,48.128330731480375,1.0,-0.01806532943989725,3.3297676596861647,2.0,0
36.79293881656018,33.07699293106353,67.76668114857088,1.0,8.11654015818074,0.8342304646380694,2.0,1
70.81137437914616,67.90376976325342,73.40280306304611,0.0,16.680179479961822,33.7738635327299,1.0,2
12.687704995126722,24.651785665467763,55.950280905929716,1.0,2.136941598115865,5.154870106979747,2.0,0
15.491464772268511,21.230815551003076,56.31490761252242,1.0,0.838085755416728,0.2043295988445626,2.0,0
21.58948535086309,23.80114012481032,49.68041145018808,1.0,-0.8537222980088008,15.99215611859632,1.0,0
92.75561578958613,64.8511478585291,81.35776469688253,0.0,13.162012686722338,48.803366873958154,0.0,2
16.164523297201967,26.180067916516677,51.01320918473128,1.0,0.3543354693963495,3.7004991942469614,2.0,0
37.63332518694972,38.6416825912818,65.7391848792193,1.0,8.946032958364771,10.492748603514825,2.0,1
19.247959924017874,24.943497140409224,50.57313207978551,1.0,0.9373553919810644,0.9643716031806502,2.0,0
82.19088265738247,59.92862343322908,66.71762695478432,0.0,12.196471572113605,39.23621745560297,0.0,2
36.436646044359954,40.59496469099069,66.00868365744343,1.0,9.133158155629737,15.689967918725667,1.0,1
17.839597148445733,27.794107156489368,51.64140262248447,1.0,1.0613877329619292,2.257451162678296,2.0,0
85.54261969838123,65.42195604574869,65.41651705762298,0.0,7.444277879756537,43.01094845428312,0.0,2
10.49444984435284,29.659867996169236,49.41920504869467,1.0,1.0262448129134318,2.040747255281027,2.0,0
14.513885632239704,23.543617730861992,47.9200193277123,1.0,-0.5539781552372833,1.6189550344511274,2.0,0
40.037388714673185,35.28155570032513,65.06582303214087,0.0,1.6281021372485052,11.466794494069148,1.0,1
19.791680856315807,26.768888346002214,57.46086294030407,1.0,-1.5672544708546068,2.2919316631677917,2.0,0
7.550827299797732,25.501177089577254,50.30334056773178,1.0,-2.6709385093612337,2.259349382813786,2.0,0
15.699776848299463,23.052698970102163,53.84708612308828,1.0,0.21513985028623983,1.4688098033593224,2.0,0
18.089890402676385,26.931120390573888,42.92872513205632,1.0,2.479964455767796,12.812084438838294,2.0,0
7.160028715082041,23.445655497014908,54.62992928086278,1.0,0.6704725755147778,3.0158171494663577,2.0,0
47.907794171760415,33.702987198760404,53.2942722149259,1.0,13.509713415208465,53.323919985247585,2.0,1
5.5644528494532315,26.995112681651158,40.50697208527877,1.0,-0.08764517849623236,0.1471472296072759,2.0,0
7.52183441635551,20.229547597247443,54.38490401151664,0.0,-0.44669423433594024,0.4977639531190178,2.0,0
73.07866271791947,49.624519322922076,69.49900691380043,0.0,24.919966580381335,105.18747976631232,0.0,2
9.0332344874456,24.93314723120848,51.55263508688845,1.0,1.5100951068405972,1.0616473517035545,2.0,0
8.26174452021863,20.807070967608414,46.08980848708061,1.0,-1.1624442360959772,1.377845334198713,2.0,0
12.580346008404721,20.145881257728643,59.10896382876135,1.0,2.708361649030223,1.0075848564103658,2.0,0
14.226315536909135,30.663908963184785,41.4231135775582,1.0,-1.9041978990192194,1.5469596684625886,2.0,0
53.31683983622381,56.0560812891721,69.23079724169429,0.0,23.996285678356738,86.05020848115619,0.0,2
29.129150727354336,41.29660949593006,66.95181280804792,0.0,0.777898180858994,23.71810806349086,0.0,1
19.47422428166663,28.46166974684676,50.252304882063996,1.0,-1.5268672357157387,6.907253627286503,2.0,0
83.90027498372348,48.385547590182036,72.91293813813874,0.0,20.956292516768407,36.799312926558514,1.0,2
19.26126746958088,20.045839071902996,40.083748872559156,1.0,-1.3599728177314392,5.297045440440991,2.0,0
28.966392317158704,36.15632094687655,61.80194586700033,1.0,6.59211781631898,16.67349672163506,2.0,1
72.98758951947721,46.448775261708924,67.40786007052405,1.0,14.52416814852574,49.49344111391427,0.0,2
20.885412455693743,20.797559909315265,58.49283582257273,1.0,0.09753694678317018,1.9633197533624958,1.0,0
11.40805530022343,29.227073385291693,44.32665555261654,1.0,-0.34362154638256454,1.2068726197829602,2.0,0
11.64540193039375,25.188154716840167,56.59131662856737,1.0,0.01782065177668791,4.8628439450509555,2.0,0
46.77795014240719,41.0464915143193,70.45274461860419,1.0,10.319862124285892,7.299195113815437,2.0,1
29.17420387175007,41.4208961646859,56.66649145970503,1.0,4.2411448513435435,18.387544156685266,1.0,1
7.606973852973363,29.87041753261036,43.7055370066708,1.0,0.056362289003798416,3.3176360268477776,2.0,0
7.740761883318076,30.519809141938406,54.32099946484289,1.0,-3.759857355805075,0.43140749022494485,2.0,0
29.65700697525174,41.55929632273745,52.9960165385301,1.0,5.083103835642959,37.987769931163754,1.0,1
21.356933324067214,27.28507494462505,57.31124766344407,1.0,0.8861165032654887,1.9204880194580525,2.0,0
12.051931539740309,29.854379390602716,53.59266364790287,1.0,-0.5991982357092793,1.5199430526807571,2.0,0
6.382929270912296,22.874122038914457,51.55614100502169,1.0,-0.5161470423934994,7.164088953415202,2.0,0
7.548596264929154,27.68571250611013,49.6658856993265,1.0,-1.5064358452413797,4.643982113583242,1.0,0
12.60601023599873,24.673782738829043,46.315463024989924,1.0,1.074510120810616,2.1517179662156827,2.0,0
9.645411958969557,29.405118109809287,43.98439371674153,1.0,-2.2117540305723535,0.21238896984183797,2.0,0
19.46932341578657,21.98929448195931,52.255916710730204,1.0,0.15437608578485582,0.4464590912721801,2.0,0
40.7258059507424,35.95949742193071,60.47762715716767,1.0,2.036372304431613,15.018758133096384,1.0,1
42.206535546678516,41.94024769549269,73.47208287676418,1.0,3.430494128641732,29.473224372319514,1.0,1
46.758050446798094,40.9805374483049,65.92247430413701,0.0,2.755046711207817,8.045212327252575,1.0,1
13.878135420931674,29.514253028406074,56.48943035209098,1.0,-0.9578787377175453,4.292513226267334,2.0,0
32.33359160554139,36.51632295619299,54.73094006363121,1.0,5.473925476815477,1.5190509241647943,1.0,1
74.81959006568508,65.90277109674093,81.54324185659196,0.0,27.180284649369774,39.34167434737802,0.0,2
13.991931278462603,22.88478695472208,54.34929981223824,0.0,-1.325803342711094,1.6983347811084113,2.0,0
7.231162920600589,25.072743642727186,58.9555939593846,1.0,0.031639121775880866,0.03365179878587264,2.0,0
30.724662859443416,33.44790476929718,54.91716085317154,1.0,3.0826480869389847,3.9747320571225364,2.0,1
12.014500507494251,30.88634036846996,44.22251885116075,1.0,-2.2628339523192844,4.919946596434402,2.0,0
6.72415408363668,27.00456305277637,49.71268596826681,1.0,-1.265780816137349,1.336260995377697,1.0,0
10.682146143888334,20.599748343916144,58.69087761431031,1.0,1.249736649944152,5.40487582052904,2.0,0
17.042170604155594,29.930075838478654,46.82488899515441,1.0,0.6634753022467279,2.8617515841789967,2.0,0
9.038250224863567,20.80368334430326,40.72922101651237,1.0,-0.7254879561563528,1.9929350721851558,2.0,0
25.93009311789121,39.05708190866747,61.70752368999896,1.0,16.28673143402464,11.057133152710954,1.0,1
11.25116865201037,20.627094551432286,46.56358965595224,1.0,1.590215728006905,2.4090078316493844,2.0,0
11.668148766695449,21.476039541484948,44.80598246900733,1.0,0.8061180042305711,2.4814866532829227,2.0,0
13.044568413756473,31.76442489130622,48.27033060579918,1.0,3.8407544390335255,0.37050820162969367,1.0,0
10.114931266885083,28.492171216890988,41.11211043360921,1.0,1.7953664231420285,5.903653509669595,2.0,0
5.782044914369797,28.632243468429902,46.14432834042542,1.0,0.7185047150891384,4.027464647735447,2.0,0
87.74918019971793,57.42837087173144,87.97299936882771,0.0,17.68467502847884,54.357547198940985,0.0,2
31.48199061929275,40.55873615406638,69.21026357785085,0.0,8.821109065869893,29.750027027757355,1.0,1
17.749327996786022,24.424486050377542,51.5671952623308,1.0,0.6900634857906993,0.08714718549596084,1.0,0
18.149043136672212,24.282631702053322,54.562328746723324,1.0,-0.5765810648893818,5.047105138185898,2.0,0
36.596066867774994,38.54662611229015,69.7344908365481,1.0,7.199339752850554,2.2333578106265026,0.0,1
18.869163124840505,22.7649999454082,48.379395475590485,1.0,-0.13281632187451906,1.9175737989527541,2.0,0
12.260832406646358,21.115887677877588,58.572611242307886,1.0,0.205119971098846,1.260741300092961,2.0,0
13.626951473934216,26.74487353283085,41.947337875824424,1.0,0.7143605300814988,0.9258763244366445,2.0,0
14.421026042768489,22.70457521608119,50.3615499608069,1.0,0.288977298972037,1.0218408722578571,1.0,0
21.7727120903004,21.988978123582648,58.603304057251,1.0,0.9498379651726403,0.20537850395042093,2.0,0
6.258759079479536,26.10032656299536,47.59503045838635,1.0,-0.49714705692225425,9.266682148791064,1.0,0
13.801097937540094,28.161342625363673,57.673679353759795,1.0,0.8062180569096429,4.165177450280813,2.0,0
6.149413581067654,30.296279252086748,56.036803369056116,1.0,1.6128323117728738,0.4223526058002762,2.0,0
43.398782117452285,40.738663247240964,61.796074370940346,1.0,7.448138281668413,0.26512385337328165,2.0,1
18.70073180199956,28.39567483546546,55.60096174080087,1.0,1.7682989055554086,3.332905130466285,2.0,0
7.422424229325725,21.857943351172636,47.25003969063026,1.0,4.000357833480013,1.6676980872235738,2.0,0
5.627078105027057,26.207228677299312,44.24894554390946,1.0,-2.511704190679868,8.378368816668706,2.0,0
47.192308865768624,37.72389496205024,72.50940055868998,0.0,7.080049395714676,12.87858269487836,2.0,1
41.72657335010952,34.725293440454706,54.667098147857914,1.0,8.982008365106541,13.067902732007376,2.0,1
47.21576881291365,39.8472678728797,55.708004344923566,1.0,2.845357324979517,6.349953907240118,1.0,1
11.122318927015826,24.477471421068604,41.664461324161444,1.0,2.093151123298778,3.8453847999361566,2.0,0
25.212573235364797,33.55773906281469,67.46817309259697,1.0,7.378425176907028,5.53971230702993,2.0,1
42.17572022624687,40.479759666209354,64.26610456362612,1.0,6.031463948021626,1.2368691623140642,2.0,1
55.936724637303584,58.65913854940645,76.85179506552325,0.0,22.41340138981543,83.10369886164548,1.0,2
7.905088985631119,31.328505125904776,44.1766187098918,1.0,-0.7688831954677632,4.762762686849033,2.0,0
66.98068658438847,46.82070444314731,76.08349831922011,0.0,9.256358050803282,116.21016872101339,1.0,2
19.806475103683454,25.212839828079318,43.23389106547974,1.0,-0.8325250523161641,4.145922804264576,2.0,0
40.459419799445364,34.371662280340935,59.823610984333996,1.0,11.966653916264558,9.347151755001084,2.0,1
7.394569346456597,20.05235923580371,49.50179745733536,1.0,-1.1423817975543298,0.8975811195874634,2.0,0
14.748444098095863,31.55372428488831,43.86870685912965,1.0,-1.306789545011446,3.3569790265772648,2.0,0
13.448379209399114,27.191625393673252,41.092206064269384,1.0,-1.364520658968713,0.5310335016620186,2.0,0
7.168865147524584,21.670360416148345,53.162044361129844,1.0,0.12614158237529477,5.627700717291146,2.0,0
35.59526612834619,37.04513273865367,65.22704137552535,1.0,7.313856788939266,7.732667219791304,1.0,1
5.4972038115875055,29.684850846400437,59.77681082607326,0.0,-0.3870128042964135,4.069712319856752,2.0,0
43.043733120583724,37.214037636833694,64.28378914267364,1.0,5.862867736062517,18.134851957484145,2.0,1
18.060648035696808,31.40551004690355,49.21796676413164,1.0,-2.351982398340401,2.7253907878224726,2.0,0
12.730577545775605,26.23069484936246,46.05550256543934,1.0,-1.468950345423953,4.680059655946217,2.0,0
21.123706218356663,31.690333325796285,57.931493169380204,1.0,-0.9117358389234365,6.711407600302561,2.0,0
10.530615622975493,28.741888125939358,58.21211434428844,0.0,0.14840068054332556,8.127752184569655,2.0,0
39.1843836076441,34.844244292644,74.76179180868141,0.0,9.088700771468254,30.593924726784937,1.0,1
7.330864997392984,26.76090037380625,53.858178220495354,1.0,-2.335426630059717,1.5397033141932486,1.0,0
44.56041710902718,33.71847959906586,73.62903642944742,1.0,0.8779711390512004,14.219138858608428,2.0,1
41.989010963527264,33.1737397504608,74.53853482610782,1.0,6.874123368715752,8.904409490427444,1.0,1
7.7337368740974775,25.85085432408061,41.05530515719205,1.0,-0.5261673084023313,0.07280260952686941,2.0,0
14.071243294356934,20.82456413268753,41.989893377459296,1.0,3.182446960995305,2.5272756654194795,2.0,0
17.537521217865724,25.925768485483143,43.580632748831675,1.0,-1.8348303450928949,7.2652652431934115,2.0,0
63.15273031020228,47.32423811507688,81.70357953566953,0.0,18.471439325766756,56.316417191033864,0.0,2
19.9450112285568,20.853899422081195,45.965449084682454,1.0,2.5008852626243008,2.1393759527895098,2.0,0
20.629663544645094,27.63128392192053,51.15377382370905,1.0,1.277386568839796,2.4848264623653584,2.0,0
15.069955586087158,23.50859732494632,54.987388732899134,1.0,-1.1738870438221998,0.38903780425151246,2.0,0
20.510176875483747,25.327033454076535,50.913919376260516,1.0,1.149582714858599,1.3548058516698651,2.0,0
28.997373714110513,38.110434822596254,73.01338078099069,0.0,1.6206399842460035,3.770549582266253,2.0,1
94.77167558847458,50.74083309270983,83.52843773030344,0.0,24.173094921657565,100.96948631110735,0.0,2
33.19761066862911,36.556341976478734,53.790265948261904,1.0,9.456751955618245,32.685706974593245,2.0,1
19.80274832163269,22.227760458814917,48.934529374052815,1.0,-2.58901592800015,6.597173522934698,2.0,0
14.033028736658515,26.39634640695368,47.5808097076607,1.0,2.434885035792081,1.6413121035304026,2.0,0
10.292230885652062,27.445685420623647,51.18436263536916,1.0,3.551121546040682,2.68390260287846,2.0,0
13.357107294604427,20.923753604779595,58.761282791362625,1.0,-0.6897888934727103,3.015372127043892,2.0,0
8.804899451984593,28.752137529055958,45.132944143721915,1.0,1.3350865987131897,2.2636313856206276,2.0,0
21.407017839412774,30.69026641979776,50.55175946544331,1.0,-0.5814447489948695,0.7298023210052514,2.0,0
17.01657484540949,28.79361853719501,52.16639000015543,1.0,-0.293677906452872,0.47216834176958056,1.0,0
11.367182020405163,31.478016779593762,42.82447086746299,1.0,-1.426776555581934,6.462437769467563,2.0,0
43.10230304177843,41.15359688774444,52.440249955742686,1.0,6.8693534359746655,14.829804707139637,2.0,1
70.15949674780938,54.5811036370952,79.24048568620952,0.0,9.819574515974915,113.69479718314108,0.0,2
8.427664440811657,20.106359421361628,41.722642781273606,1.0,-0.6566059836064869,2.209841468641558,2.0,0
16.64042993341595,31.181044633193796,45.91864058873232,1.0,-0.0916462620088022,1.9927749175301104,2.0,0
7.278258883660893,30.829439687430103,50.805988135229995,1.0,-0.9471038333498374,3.1830925217849177,2.0,0
67.21074486953584,56.36967188582788,80.46599124513389,0.0,26.861532133288197,108.1221694253969,0.0,2
17.709359462996268,30.151057276132786,56.4097516896055,1.0,1.9538855951793472,7.104707452262058,2.0,0
12.210221412140562,20.001616316053823,59.790106667686445,1.0,1.054710295854074,2.9324425594903114,2.0,0
12.689410836811103,22.39124403760161,43.32458724103317,1.0,-0.9462683261862845,0.7453499507701123,2.0,0
15.531335882163447,27.779816089425147,56.879869438840494,1.0,1.780616518112633,3.214400323987406,2.0,0
13.320224381933388,28.61997410446405,47.53352880858925,1.0,-1.0427240371153086,3.5591033542890536,1.0,0
18.5585047108322,21.104803832989706,56.165364224325565,1.0,1.4471548414536684,2.8287756349648716,2.0,0
20.21700159201112,23.93879726814007,50.22187642944796,1.0,-1.2908481057208303,1.41883454405405,2.0,0
33.91437835104716,34.3826836835394,51.229724755800554,0.0,1.9766099020328678,5.17312342419779,2.0,1
14.958184881648876,24.175296938986,48.39254765613621,1.0,-2.542460157774919,3.247614277066423,2.0,0
18.696392600150904,28.980270243988876,56.95095266109473,1.0,-2.829193055926539,8.071885890005065,2.0,0
66.28370774584246,65.55266164295782,65.40560106820396,0.0,13.96207668500846,76.0613745192482,0.0,2
10.490260040001182,30.8737190571892,46.16936562978968,1.0,0.061387123093384274,2.8666602244556985,2.0,0
14.911706536484767,20.203371978674973,40.12928715579421,1.0,-2.3151764147786205,2.04069502228344,2.0,0
5.206626069726878,21.25069763370017,46.48658754703036,1.0,2.8382876412496016,0.03676385236267947,2.0,0
21.783694198354056,25.061938142465976,42.86562917405282,1.0,-0.44823013354380625,1.7956019837382202,2.0,0
93.2607968148957,53.729300693976555,81.97280419051637,0.0,18.861785003929185,85.90954724171488,1.0,2
89.58671399188049,66.83190976946824,70.86964885235875,0.0,15.080512521871572,54.10637491344191,0.0,2
10.4408432175204,28.878849449203166,42.984989394829476,1.0,-0.142667471551149,0.1797843242383106,2.0,0
33.31400168416834,33.36450617833727,56.18669323753343,0.0,5.346147281269384,18.30333468278524,2.0,1
8.000976544093641,30.510597002204683,57.59829253454029,1.0,1.233099117048791,1.707860384738647,2.0,0
7.318315084975086,23.540488491849874,50.977456030852,1.0,1.9988272014976918,3.2297705292047123,2.0,0
16.04375928380265,20.261880761305875,56.413923215335586,1.0,0.056312762230232176,10.253188473808478,1.0,0
47.42734372530461,34.07369622541631,71.72176988848466,1.0,2.955250287602749,6.6517786031925965,2.0,1
58.4361327395293,51.43872032750813,71.70646359078049,0.0,18.129633285550106,40.521238364132294,1.0,2
17.443897010793886,24.23901690202477,43.705407107666474,0.0,-1.5103910414177162,7.51018320445006,2.0,0
11.952200055042589,25.28388102042019,54.56741708679292,1.0,1.7289721548925385,2.0922587282912875,2.0,0
15.210103667130493,23.30345856142232,44.07989207218775,1.0,-0.8994599922318055,1.174580574721911,2.0,0
10.153182051070587,28.097435626008927,59.334122800369215,1.0,1.0867365905725914,3.017235261814244,1.0,0
82.92406841649225,60.65102459895421,87.35248224845813,0.0,13.971717338130286,48.87530201949997,0.0,2
18.71619056754349,27.979818841711943,57.41376910914879,1.0,-0.7460315571211398,2.2119211750532584,1.0,0
13.179381731531898,24.891010502885806,51.91359648323059,1.0,0.10837807235687372,0.4521860449366618,2.0,0
78.52454360486465,61.35288252661047,80.60618644504967,1.0,19.081927495063795,96.67056777019316,1.0,2
33.36797593834757,35.509538252198475,54.769806636895964,1.0,8.926007204666279,19.816428168717216,2.0,1
90.0193383159681,55.682962516991225,78.82523241156771,0.0,17.611144478633218,91.78771857110486,1.0,2
5.970476553518353,28.327395086121882,52.70646693416642,1.0,1.7868910224477488,3.557828713102037,1.0,0
41.80248052442132,40.463580097774624,61.7136737447868,1.0,6.982878651985245,2.045252017294568,1.0,1
21.338195396980737,27.729790657710993,47.986651603984456,1.0,1.2105696249100308,2.278573430182683,2.0,0
34.90648229698424,39.199798359830005,64.84635911764502,0.0,8.461822427726013,11.735026957400736,2.0,1
25.110395970799527,41.97926596795092,74.86262760551396,1.0,-0.770175315868256,19.399386251887602,1.0,1
37.41880922609184,38.06431804833961,59.112524113719815,1.0,2.4424430122833902,4.701487629320926,1.0,1
12.816607204078444,29.80368688726204,59.24116997882703,1.0,-0.5176561452287851,13.873606237885209,1.0,0
10.887881904221342,21.071474294306874,44.738479877934466,1.0,1.902874853471204,0.1396606075029284,2.0,0
16.33669237828377,20.692785910701406,52.01166393974272,1.0,-1.423123042902,1.591973094664652,1.0,0
26.860004154138437,39.71639455198984,63.58850594326427,1.0,4.535178825909936,3.9545878649913524,2.0,1
47.052421947953505,38.5623853087358,69.44106424194223,1.0,5.659254395307634,7.604834913405464,2.0,1
20.175419088308573,29.68586644837859,45.712519771244864,1.0,0.15530723092376308,2.158901154426127,2.0,0
34.72933226356054,40.58879227461317,53.676747613758586,1.0,6.085697288332758,8.17700495404793,0.0,1
8.98891539154271,24.670765660301463,40.14706089108854,1.0,2.308795800262361,2.2799809454342883,2.0,0
11.774580484755347,25.654014787193773,42.004911274457534,1.0,-0.47664134102609373,2.7192451788726317,2.0,0
47.62845622549355,36.97893371587001,62.77130912409495,1.0,6.232122848282501,7.575182694039714,0.0,1
5.414813286461146,23.012016599147604,45.04629472270306,1.0,-0.3352087578554087,3.6718798465916485,1.0,0
14.870001954726739,31.409272492776054,59.85029240323942,1.0,-4.055022070661035,11.241206983414791,2.0,0
32.09368504305964,36.7812109876479,55.7593705591506,0.0,6.280375475299058,5.729735012007868,2.0,1
12.349691617724233,28.225326598662818,47.54107862003398,1.0,0.6336524593521597,6.430137880847363,2.0,0
11.324307458477314,28.048787742870008,55.049366751729885,0.0,0.27745586260973437,3.542446975969893,2.0,0
35.95911378067122,33.28381165318102,60.49768869246169,1.0,3.4393011458921805,19.0657838656433,2.0,1
12.65925030027159,21.452300005822316,53.30111978013262,1.0,-0.3983407687778119,6.516617626028699,1.0,0
57.022929622921275,52.45076917185776,81.47476960119728,0.0,7.390418942991083,45.37691806699134,1.0,2
11.832825531357116,20.46715955990801,50.97819263280144,1.0,0.49787767156183094,0.09380056631701658,2.0,0
14.100272234694058,29.645658685801703,54.66320756273599,1.0,0.05957073257945202,4.342568133985714,1.0,0
16.282409811165017,20.914870615682773,50.00116518382173,1.0,0.38588013166725255,5.751640931797866,1.0,0
20.266922920492135,20.62826024224967,56.08331129967768,1.0,1.8830246704327125,0.8324452448355627,1.0,0
42.6343685116765,35.164608381649835,52.97892613851162,1.0,2.634095640151754,10.879011733633979,2.0,1
18.106442059227536,26.661019391627434,46.901674910264674,1.0,0.4620148533260114,2.9093327075950373,2.0,0
31.963373524212923,39.00846506754303,72.9713213970776,1.0,9.648497330346762,4.728009759172329,1.0,1
18.705421756482043,20.371469491032123,53.7862082420538,1.0,-0.5201573651500683,0.7502980658844969,2.0,0
43.467386351608354,37.28217133495141,61.79417877874559,1.0,3.281345621421916,30.595413615830314,2.0,1
83.66476097215192,56.426855397583154,65.98312595006601,0.0,8.398864279427043,64.15643944691311,0.0,2
32.82518055501502,33.72464902732361,54.67086015736457,1.0,6.1661907353500025,8.669587843699126,1.0,1
18.659175816542426,31.259657821381793,58.60796840338651,1.0,-0.4093999803382693,2.466621314776622,1.0,0
21.90036914075985,23.75333587052425,48.89147002138857,1.0,-1.236918014647533,1.7956394466211205,1.0,0
85.6575981783522,56.78511187264752,74.60492068795513,0.0,14.54965082287578,62.08746544159341,1.0,2
55.87444102784082,43.657361016709665,87.73557060834875,0.0,13.983863422498231,118.02719141386861,1.0,2
69.56648451784609,64.48821552782641,79.28581986697164,0.0,18.890782089281334,92.69140027664344,0.0,2
18.257466811186944,23.754888730563778,43.93376394625646,1.0,-2.1974621191573336,1.801957578105692,2.0,0
21.459288274550268,20.810030560205863,40.79622878891507,1.0,2.6263889128907154,2.4291678753298878,2.0,0
15.306299941766616,20.380925184475863,41.93389119575134,1.0,-1.9287960259195724,0.871839738152241,2.0,0
13.525777009682393,30.44694110055208,48.383657518042426,1.0,1.287208606401024,1.0992854222233062,1.0,0
5.668840191364664,21.98341388171549,40.82994651019813,1.0,4.066191448560799,5.131598895051718,2.0,0
37.18768104351517,33.723988801884005,60.791294064849026,1.0,6.1982827388969275,17.885117137989432,2.0,1
14.029881976017544,22.755177929047623,43.929739339124225,1.0,1.0127055846103812,0.17124777200656865,2.0,0
20.714735321401015,27.612364266460247,42.93390228030363,1.0,-3.3296669211777763,2.841535305227026,2.0,0
20.7346647194152,23.314034693850793,42.851131100662315,1.0,-2.1104661931559834,1.6885781455714488,2.0,0
18.637348672818675,21.977777788753244,43.213591694236904,1.0,0.3034206114318287,2.697976345212239,2.0,0
11.006987876442897,20.091968391790704,49.30673867878972,1.0,-0.3949617103168742,0.3483484331871879,2.0,0
6.987266692042189,24.185846407633754,55.688109464255945,1.0,-0.9430053705462906,10.059933412852258,1.0,0
7.050809808710214,28.125447676820112,42.160891187528144,1.0,-0.8913163085724999,0.6794106932114994,2.0,0
12.543753728177709,28.357157684433286,53.33371303785026,1.0,-0.06690979827450211,0.23949214920249173,2.0,0
15.600956696046914,31.947573313986602,58.19860316319437,1.0,0.36743563975800586,6.277100828711433,2.0,0
32.48578673956232,41.20563937449618,72.10486178070923,0.0,1.7998303885098599,18.756858552239773,2.0,1
62.40039435289298,61.64792344996391,66.73845712532528,0.0,24.633558871736906,98.52037355184818,1.0,2
47.308288192016704,34.025657832223374,73.27555697677485,0.0,8.372058630077522,15.505370221584098,1.0,1
18.98444341473253,31.2688217534035,42.95916668218812,1.0,1.0484296075761317,2.8133446392972368,1.0,0
6.153230004787922,26.057547179654335,58.10597998021031,1.0,-1.2089875965891232,2.495974998107628,2.0,0
32.23784639904051,36.697588597328185,51.08057878544447,1.0,7.963067071788652,13.29471168608442,2.0,1
21.589853833470915,21.728945432158394,50.666470957192104,1.0,-0.6764910255439641,3.6383051803190307,2.0,0
94.99447184578776,61.26090735884228,85.63473048103515,0.0,9.25696380947426,66.20418657858792,0.0,2
20.844477793670297,29.80553770418702,45.82722145675489,1.0,0.38512619799268133,8.179776399962083,2.0,0
25.40400548119124,38.81409261852029,59.60847569896319,0.0,5.438777190231838,10.52595540608087,2.0,1
16.04399303287026,28.323416689685544,47.1438466798609,1.0,0.05028705358288129,0.7881339120297748,2.0,0
18.30055322899065,28.263579551694505,40.24006054545365,0.0,-1.1066050570272612,3.2512454594540547,2.0,0
15.640153399429154,31.41114313403058,42.63373806872414,1.0,-3.73921574909303,2.0444014225655187,2.0,0
56.66307556330426,58.44795642094978,81.91345594384812,0.0,8.950984743766934,49.0379966355533,1.0,2
19.77138473613821,27.267654671880937,43.71553909397416,1.0,0.8884943205200149,4.160687001186448,2.0,0
44.6127892014066,38.9624718586585,54.85582324238954,1.0,6.791457257038023,0.013759292780770593,2.0,1
70.86997973761763,64.1014083196784,82.74174434056523,0.0,17.429096927659323,54.48452070898754,0.0,2
16.809840004525256,31.773724781501862,44.13635786266792,1.0,-0.9985401973403203,7.2726993810303835,2.0,0
11.607513924721193,29.317369357996697,50.19708019100915,1.0,0.5075361629039394,1.3535813791494233,1.0,0
7.500249175793645,23.675761985338553,51.65428898689363,1.0,2.0846462009195332,4.24594109929422,2.0,0
6.249444704610215,30.96546132647911,51.471265600534196,1.0,-1.4051928524390742,2.1187045614710107,2.0,0
46.96288190550508,36.86408505033697,73.85578393691054,0.0,6.59417077765545,1.9133417963265313,2.0,1
17.526853664051096,23.175620323104287,40.420183139727214,1.0,1.5850873669206278,1.378375907309129,2.0,0
16.774641187844797,26.001353024919524,49.795717359764815,1.0,0.03462098842563101,2.8188520536142367,2.0,0
15.818976991484266,20.062755362514952,53.56999936585275,1.0,-1.0267375959191956,0.15809664947436508,2.0,0
72.33538675207367,52.04443836096835,84.4307692091593,0.0,13.904759723078726,68.44539584001754,0.0,2
43.321361620348384,39.93027421831365,52.21297631407669,1.0,1.0910946447016219,15.266474248779106,2.0,1
18.896645044350258,22.036741142923077,46.09806248770127,1.0,2.129183521196759,8.540614621380143,2.0,0
7.947351120010832,22.732996833238516,52.97530772318772,1.0,4.169945436335334,7.755752021022886,2.0,0
71.96639956524658,46.14856040881307,72.35801360822694,1.0,26.40466365717391,111.7453347573572,0.0,2
14.415522834822454,26.075192713942435,45.51845388761094,1.0,-1.3770285924584473,1.7402508441684337,2.0,0
29.27715415333703,36.647032046364004,61.445341252115625,1.0,13.153793400994408,1.4723831318249938,1.0,1
13.049020103269617,26.489525059826533,57.95929293695577,1.0,0.5988422894089906,4.505818052022796,1.0,0
9.991061352496388,23.96258077845797,41.40216279282514,1.0,-2.2421342196744662,0.1005988220160728,2.0,0
21.026440160297135,23.986292397387256,47.38272387618409,1.0,-0.048071241245570266,0.2862695212760099,2.0,0
85.36357454273494,55.4431844119517,85.66909682635224,0.0,20.502482988051867,95.33463435482899,0.0,2
10.054933125333363,22.744121355243305,55.29301900769747,1.0,-0.22028028188295132,0.4445545875790298,2.0,0
8.897273718954905,31.747773382097705,47.65568200806081,1.0,-1.7729729941023284,12.436590120927885,2.0,0
11.976746058824245,26.40063954518435,52.036134678908944,1.0,-3.1156797806608107,4.5963930036577665,2.0,0
28.94479894590451,37.64445740107614,58.31909288339199,0.0,8.063291545685306,20.084590040477828,1.0,1
37.80848468028117,35.80774388189179,71.51755081355375,1.0,8.04746762778191,2.5660271379971564,2.0,1
7.128158467443358,23.449539978767,46.85182165622264,1.0,-0.014496631970020782,1.5057417036948997,2.0,0
15.091071710418827,23.112018767805132,45.017581997814005,1.0,-0.7752703247607429,0.2968445679511724,2.0,0
8.010881549919832,23.011599936083577,53.677329036706865,1.0,-1.648567127332309,5.891180280379674,2.0,0
42.77450333582003,37.99122604382062,61.03796741277163,0.0,7.43853168882391,21.871505908300826,0.0,1
14.617443387928448,28.57308996885491,59.886606053714296,1.0,0.8357064276052228,2.147993311561591,2.0,0
8.684576601543185,29.77927674248647,48.916510996540325,1.0,1.0787529995331557,0.12333536806825504,1.0,0
9.602659443440414,24.74157089133804,59.83065551654773,1.0,1.7352506715554834,3.6602642433360826,2.0,0
13.629376437635734,29.141578296532366,51.31701120626494,1.0,1.6783418968960038,7.4121905609699335,2.0,0
9.202928264854009,20.845903347717737,45.0434575499106,1.0,0.21448595221382472,2.6559402924609525,2.0,0
21.478143105524683,27.609248376515975,55.37162661826404,1.0,0.13856518745988644,2.1549553140139093,2.0,0
18.66242530728495,30.634349365580896,46.79943727586496,1.0,4.647449151106886,1.3184093021864256,1.0,0
10.428331839037053,29.04754284316141,40.69345408452133,1.0,1.1180410861168137,1.3645245972702105,2.0,0
20.84601080222141,23.256912565360572,45.93224964314186,1.0,1.5557721084735754,1.1138312041675809,1.0,0
37.23875678470825,34.5581289524864,62.46362195828233,1.0,5.269780575614641,15.735668544464808,2.0,1
27.83487925887028,33.374429100197894,51.691838416449585,1.0,2.9761132952590863,3.6733831831798587,2.0,1
11.160696284982762,29.132453483009396,55.64851624425576,1.0,0.21648970758905522,1.1109378870033222,2.0,0
42.45156626614318,41.60633278224643,55.84620922713694,0.0,4.956031351213251,15.96988217355238,2.0,1
6.86551537751756,20.98726789132474,57.06634373333172,1.0,-2.2707457518672802,4.768512404043511,2.0,0
5.6110186545446155,25.973750096411482,58.686082283349805,1.0,0.18885208259243852,14.364775129115628,2.0,0
17.023056783327775,27.55469236270084,42.465675585978936,1.0,1.0398264024880564,11.627343097282187,2.0,0
33.305172189168715,35.49444552459775,71.93863856398683,1.0,7.57269053985609,14.60817917425258,1.0,1
27.582273441564922,37.97652204220103,69.67475208462064,0.0,9.579726825424295,1.304889748814312,2.0,1
15.328262482324453,31.759643952306206,55.00531527877685,1.0,0.13052472058857983,2.4415030761347873,2.0,0
7.381428259020908,29.676843406794074,47.4691589026541,1.0,0.0016649170309397197,4.114275110675354,2.0,0
41.03421572075301,37.06925149610203,74.09419124855772,0.0,4.54024299089804,4.746381159059625,2.0,1
12.279393453735452,20.467751847933563,58.76362345049445,1.0,0.2744916744678906,4.219230806195431,2.0,0
28.906306965928703,35.51154249461943,70.47846594379081,1.0,4.7849667856479075,8.715895671245256,2.0,1
18.890225206137757,23.309210819016283,43.253216302109706,1.0,1.3475393525204784,0.9864140322465307,2.0,0
21.611961131762396,25.691060251723442,49.49538012087302,1.0,0.8844588470361001,0.07843804699538409,1.0,0
7.256167818732026,31.49097218100581,41.11481707174883,1.0,-0.07731331291147733,0.7719262093279632,1.0,0
8.748265554192981,26.469134632832105,50.110415834469805,1.0,1.3082296585260824,7.915099856414749,2.0,0
19.357339775096197,21.144791327758526,50.011586348616625,1.0,0.04859432052536809,0.10708345377246889,2.0,0
85.51799889827595,55.366707055683584,77.35680225607679,1.0,21.611617422619453,37.95361053552196,1.0,2
18.55624236731778,26.166253570481214,43.7975065819184,1.0,-2.243312304747306,0.4334320758865783,2.0,0
6.713226023416253,28.23592636023317,59.47600826714299,1.0,2.065771404756842,1.044588868759107,2.0,0
10.374653784604758,26.179200198959116,53.338548949173614,1.0,-0.33002704148951106,5.395522425734134,2.0,0
6.441464272778655,27.736942982921825,47.440871356244145,1.0,2.595482722285753,0.6862277910120855,2.0,0
11.399877236926844,23.296778306234234,58.34536133155361,0.0,-2.1462468024370076,0.10196740872140767,2.0,0
6.489926694985256,31.300303839896365,57.25919246626037,1.0,0.3627031073336229,5.415181635744213,2.0,0
34.326986569681324,36.59872825623494,60.17712432038462,0.0,5.925509057620059,4.093833594116669,2.0,1
31.83890619342105,33.99451216104921,71.05891969295955,1.0,8.366262131656342,20.41749951286991,2.0,1
87.56868438629455,62.81219318425178,71.48355672378464,0.0,26.056661786538022,105.39169069596406,0.0,2
20.134484326145575,22.353172552860716,40.899936424708486,1.0,0.6576190492449678,2.53672566598115,2.0,0
15.671036902214103,29.698822520110667,48.28282136431332,1.0,-2.222371157327052,0.05588659154992627,2.0,0
7.712259561924202,22.970717243358635,54.758555379976,1.0,-2.6665214435553017,0.42019494029103405,2.0,0
21.474744712393793,29.18656100619033,41.467281349192056,1.0,0.013182663948107732,1.3121015794343729,2.0,0
11.850663039007745,26.43122094622542,46.65458953020758,1.0,-0.3465893052613479,5.777951554698394,2.0,0
40.36996705578801,37.37047486197162,71.98181602957273,0.0,6.148775482984758,16.523003009889752,1.0,1
21.052530314928376,23.860039875914584,58.90048129161137,1.0,-0.3740544377587218,2.2563347581913873,2.0,0
19.470517538829068,29.367580609106685,50.24785641464213,1.0,-2.946804057154387,4.13877622855258,1.0,0
18.89277740342067,28.735271683685184,51.537147622654004,1.0,-0.985702443417087,3.0789505952008422,1.0,0
94.23715453844022,51.23189323056144,87.33281941604773,0.0,14.816517866116744,93.91448492471288,0.0,2
15.73652374157285,26.031574911561567,54.972174171636645,1.0,-2.2835014774226163,10.180517761900276,2.0,0
18.761773270322927,22.179367613079233,48.373902866553685,1.0,2.5093023028477948,3.61380159685827,2.0,0
29.294076652174972,34.161867148736704,61.64679322269188,1.0,8.357922296596382,35.562371594682084,1.0,1
12.570189335045313,27.97063261986762,42.4689973162071,1.0,-0.40555004514175463,8.333513359147215,2.0,0
52.217885923382276,45.20232126779717,67.1385463582302,0.0,19.839718721891533,33.34641629022783,0.0,2
42.31599722358212,40.86032495684477,52.594548204416796,0.0,12.511356536833668,16.798759620027194,1.0,1
13.418007471891594,25.184922595330352,58.16869103758751,1.0,2.5832326467122924,3.5941258151432764,1.0,0
38.25327647089249,39.879601002503755,61.02858998422691,0.0,10.583944720918534,17.735982256741824,1.0,1
12.439253108941664,25.872710448879065,46.8413886931511,1.0,1.1392500562741832,5.735974189059194,2.0,0
7.616230407777536,23.647310147060328,52.97494227790036,1.0,1.0311401326897562,14.066097573652415,2.0,0
25.597103422140183,37.84505541315015,52.71388394431621,0.0,6.101611648305733,7.052156622834993,2.0,1
53.09708260118509,60.09181304348767,80.85803065575774,0.0,18.067248919175395,115.09652049589859,1.0,2
9.399259687200288,31.316910052936493,55.211512849105645,1.0,-0.6719420076749627,1.9014376281153997,2.0,0
37.5979612194583,40.18138230760184,62.187556965507,1.0,9.159364357571409,6.575237332948447,1.0,1
17.226430230628488,29.87580566050121,46.8426520022379,1.0,0.04827763055525955,8.559757266978187,2.0,0
7.176779262282132,28.467030351725896,53.86844256112618,1.0,1.4507671836584244,0.8958576674929084,1.0,0
6.493730485462168,24.897820290400375,46.85859325518392,1.0,-0.867689593314497,1.2424019833653788,1.0,0
67.24305068364879,66.95283822248298,82.8364022876298,0.0,8.954489191416375,102.8320788704921,1.0,2
41.48833603873738,39.95273780846335,60.12955259502402,0.0,4.489929785851581,15.446856248010633,2.0,1
10.29927515252432,28.48503772720038,52.08718639429542,1.0,-0.19239522072574622,1.925994566061211,2.0,0
16.053418570768606,20.748728823179327,57.878670213399815,1.0,1.2497691469052727,7.076472597651129,2.0,0
21.216785809043984,26.7346734593903,40.65318121568992,1.0,0.24194931399404268,0.7702158144599224,2.0,0
27.971230109601237,34.546511012252246,52.093103327722744,1.0,6.9442876843654915,1.890252700364835,2.0,1
9.983511414437226,28.13050720950744,49.76355350621628,1.0,-0.9127408555968027,2.760508531706812,2.0,0
21.95111650268109,20.62202958943675,57.192906907052134,1.0,-0.14514015478033399,9.259988978767698,1.0,0
8.331708661125468,25.526473967289682,50.211615149191196,1.0,2.118040317814874,8.931873697529841,2.0,0
11.987483986713979,24.593585173236654,55.12902175977824,1.0,0.4163287702402976,0.04681069210585315,2.0,0
83.50548473006245,59.11195064949709,82.04846703415545,0.0,11.047241601452372,62.90432708367348,0.0,2
9.604148271455262,31.802257672582662,46.50422392552423,1.0,-0.5909800218646806,1.4966202421920534,2.0,0
73.5232061166814,52.29623256759897,72.03791740141644,1.0,20.49398023523164,87.60033046551743,0.0,2
20.79939181516896,25.552107260784723,51.047322756344684,1.0,2.085382991267984,0.7806545012028338,2.0,0
5.874238829232256,21.98899735784187,44.19380554860402,1.0,2.3042351592824177,15.236631320490973,1.0,0
46.72322123644061,37.218601741393144,55.491866949867685,1.0,7.480611882611301,1.1747264571207876,1.0,1
29.011442493977547,40.44904022012275,50.310402229235585,1.0,7.254645234798591,4.176262965004061,2.0,1
14.464969181236807,31.771848537952224,51.904594654388035,1.0,2.6810196216447384,0.7910775212785689,1.0,0
42.74564851161979,36.77094316779208,72.39586691725405,1.0,8.482972529205597,11.423274161741844,2.0,1
15.692028395258028,20.398272254749116,44.486371177070524,1.0,-0.5479212873058273,5.963953328224832,1.0,0
11.252313256227305,21.420034291080647,42.39782186945424,1.0,0.5375167666140048,0.3352243599278992,1.0,0
45.727349804955836,39.294409791598994,70.88848198103564,1.0,11.950120798267722,15.219805983394107,1.0,1
58.44875555693038,45.60694394578866,67.25617042354257,0.0,22.01445152697819,91.08416627153352,1.0,2
7.1827029207201285,30.657418267208428,55.30632599050772,1.0,1.3574430622412996,0.10192089012907268,2.0,0
25.491943473526835,41.65421073935024,52.503582193458776,1.0,6.484540497715222,21.877715554844613,1.0,1
11.368414448650011,25.9305493670036,43.260382276297726,0.0,-2.948333837214758,3.034877558072636,2.0,0
16.579003517404708,29.10458385396705,41.5943014637457,1.0,2.332797801221013,1.3247555787603522,2.0,0
17.854776591219185,26.97140455865815,53.29478409821692,1.0,-0.6753800816674072,4.365296017685322,2.0,0
8.568395082624958,24.43775907184612,56.652235466522626,1.0,2.31066185966501,0.6684118773636357,2.0,0
5.083979675884963,22.89844210042018,45.17808549586279,1.0,-2.9024461758607067,0.4103946873306311,1.0,0
88.08443085194278,51.85326590869238,80.96716325120269,0.0,8.610873450267237,118.69373636482901,1.0,2
20.408024546610513,29.951441591801064,51.123813852600236,1.0,0.0522113107497483,0.28903826136962363,2.0,0
42.906553892721846,41.726148466529025,70.97202701262802,1.0,8.563107961048264,20.26068467452907,2.0,1
14.179751455169542,20.302320967510752,56.55047387907634,1.0,2.540320700120508,5.645338718228896,1.0,0
13.372800794920686,31.664063955578445,47.69222151957536,1.0,0.6090841836421214,0.568434116751567,2.0,0
5.281993091773555,29.980364524109284,58.04826066572207,1.0,-0.705305008177967,0.42524988398926167,2.0,0
21.2327097712743,31.809323828437975,59.80664607587296,1.0,-0.32122546606678315,7.801020910952868,2.0,0
17.223780388132173,26.355916687347438,45.1238302887871,1.0,0.8293578428992223,1.8261213413982023,2.0,0
21.9134329849894,26.27012217302706,48.30291307985492,1.0,1.0266757164546418,11.250066596009372,2.0,0
19.56032730020148,22.085139117628927,56.698944113888075,1.0,-0.6372470212884577,0.6634744500609249,2.0,0
20.108717357772612,23.903541608276374,46.900336798491324,1.0,-1.4234292416530172,1.5785477614386254,2.0,0
5.708439310240532,25.87549354460294,54.36028356254003,1.0,-0.14301163679502393,3.3644089928574967,2.0,0
38.39868901684581,40.32272421421648,53.58275090689027,1.0,4.201051465647204,24.284222360612073,2.0,1
19.91683466471647,30.181104549086296,59.91468904102646,1.0,2.3585973154054907,0.4508183577188041,2.0,0
90.98081718113804,47.783619067546816,73.46365285956728,0.0,23.96646168730578,72.84936947500091,0.0,2
12.865556356383308,27.90248618804066,48.85154691865631,1.0,-1.7055493247212312,0.37892078134462637,1.0,0
30.062976679222576,33.27380082953956,72.6822390363143,1.0,5.238870794800804,12.201034050934819,2.0,1
5.413371429334715,21.814961944819213,42.3728753148316,1.0,-2.810161955931925,2.4284351901708687,2.0,0
34.64160016722689,33.323908459818014,69.12607974926225,1.0,6.956481130738592,6.097058925057855,2.0,1
44.155391135937265,38.784454392710025,67.89098090167398,1.0,12.500877801740897,18.371602421981812,2.0,1
12.163069038710194,25.23937027722519,56.591254313661,1.0,-1.5019719812969505,1.2042681655837786,2.0,0
7.297826915631987,30.633121223758497,52.11793630358966,1.0,0.9137032785802703,0.26968791576747136,2.0,0
90.64030772827155,48.85928966009514,75.04252038056569,0.0,26.99375077600519,27.678079972170945,1.0,2
7.731583345412446,20.473514394690792,41.22892580261575,1.0,1.9090721009568972,2.4184744000680563,2.0,0
38.38119908988733,39.51415707157307,63.39839982822678,0.0,5.626630110856734,2.734765509518354,2.0,1
31.220789429179703,34.80198842209799,73.31069457447038,1.0,1.5962454670835973,42.86986416674972,1.0,1
18.25737171756944,30.067967932616128,40.011958776695906,1.0,0.22711108593716633,14.714724290230258,2.0,0
21.48695776633526,29.942667174872977,54.6250117869475,1.0,2.408429748847677,8.95957063981271,2.0,0
17.807429149402008,29.97648217262852,51.28463633369072,1.0,2.2471464502316763,1.7071404221326782,2.0,0
43.030079722621664,39.888167945276884,58.864195527903775,1.0,10.294766715642332,9.54583762192652,2.0,1
40.984251593934474,37.17197000972417,64.77466712420338,1.0,-1.3813074662886162,23.0703285986589,1.0,1
30.55367724858197,37.6416256953664,61.89484479336839,0.0,2.455300262692763,39.325713611113216,0.0,1
32.49962155352384,38.93637144352933,72.58352534266987,1.0,8.744865999030672,6.3652154924616156,1.0,1
36.083874083228054,36.344272568212816,58.56249982520343,1.0,9.386870205548842,34.00777722699531,1.0,1
15.72935664195347,27.850095217688896,44.42477392892128,1.0,-1.3520635198457618,0.7262329063425377,1.0,0
12.908495408823208,29.172240637237127,45.998587949461324,1.0,-0.9915375819412413,0.12250701676364831,2.0,0
14.933343302692704,21.680289170639814,44.37427777813078,1.0,2.369156837542289,4.062137637890441,2.0,0
10.179545364666694,29.633731217894006,44.5496320738708,1.0,1.2961049732084204,1.2774323786131996,2.0,0
44.8901751059976,33.87899686313511,68.52767604074202,1.0,11.56496207244197,6.064923185135479,2.0,1
58.90640313817576,50.8247295623469,69.87699733043807,0.0,13.612434160037731,26.070597387992837,0.0,2
8.863583663473575,24.672859267746503,56.68328216416883,1.0,-0.2526295680433217,6.661773120553601,2.0,0
18.92621061025543,30.89406216660241,58.17652995433725,1.0,0.36767142655892676,1.850375550587735,1.0,0
17.70700594827386,31.47102594746383,52.81931056197516,1.0,1.285463305474179,0.5522772807990488,2.0,0
56.56422007131985,62.193520246317725,69.77651691225945,0.0,22.631102914840767,33.599390305175255,0.0,2
11.046436179904134,31.495209452681244,57.94771434927429,1.0,2.697720130707176,2.0838542222460816,1.0,0
34.943997981777024,40.58447211185522,53.13447210270469,1.0,2.6995727511868925,3.7902157597754034,1.0,1
26.527577303073002,38.78860755182906,59.23325422049112,1.0,1.9199292710682165,3.0464780629804467,1.0,1
33.621602274326506,33.62736971822065,59.59687383585694,1.0,5.541810165059531,5.032442176363433,2.0,1
34.58341191374652,34.68220768311518,67.53998374748993,1.0,8.8294776030005,8.8877030008429,1.0,1
47.008434180558226,39.915284934233405,69.37124616335248,0.0,6.511246252779336,10.887372278684746,1.0,1
41.38172451241232,39.82806496218103,68.95764283783234,1.0,7.353968474230235,10.990726361935382,2.0,1
11.741227299461592,28.309913920030702,48.882071138132375,1.0,3.9568226283903,4.332952860963227,1.0,0
35.57050113522721,41.693551846013165,62.14460285888081,1.0,6.126789194894938,40.40531711722402,1.0,1
16.54473942545632,22.335486040458463,42.40894679993131,1.0,0.9285494198827987,4.210716292264324,2.0,0
82.0868721411667,54.38419333758909,66.80293382031594,0.0,11.716893868510631,30.465044452892144,1.0,2
82.48593127539158,56.64109045810783,87.34211414075845,0.0,22.295502842913393,57.76595552443972,0.0,2
14.240398638937807,24.890516372389172,51.09374049576734,1.0,2.2512645454205673,0.28703872036932276,2.0,0
31.24359524948279,37.79994158477643,73.28061897947245,0.0,6.315227913624885,0.5655161044591072,1.0,1
19.650355557229794,28.86316949758797,58.98546212491234,1.0,0.5868139908560908,0.40589414374162325,2.0,0
15.767863860677199,25.38332757145451,59.80217692173731,1.0,-0.4272554066133021,0.5977497567309301,2.0,0
38.84954904090845,37.70860208855551,65.2380077827481,1.0,10.308268038546048,11.519041524195,1.0,1
11.7060967356906,30.346435683898264,43.40925023163284,1.0,-0.3817141149680122,6.220423182134262,2.0,0
8.431508686090122,27.39560583110869,54.552622753993774,1.0,-1.260739478260037,0.01721207626024218,2.0,0
44.328314623862326,33.13873462603567,51.73290653428292,1.0,4.9504120107706875,14.341178417096941,0.0,1
20.21188315302897,22.904264959770526,51.07986511006262,1.0,1.4435177538998543,3.6803457145996683,2.0,0
47.43749345565092,33.46399385939626,62.5801167518741,1.0,5.540748800971033,2.107595866824636,1.0,1
13.60441166828415,20.360312063952712,57.866089875762455,1.0,-1.193983365013131,2.4257586475128035,2.0,0
39.24178227568593,36.206234277788255,68.45979092340144,0.0,8.49720161577168,10.859757255941608,1.0,1
54.005582389809874,61.05368796856992,76.73930784053772,0.0,10.249155277997303,102.84279524702643,0.0,2
36.88641367788435,38.88088731756926,74.13645446099508,1.0,2.254009725712118,17.960275564970537,1.0,1
81.16170961671887,44.497617525084095,74.9070654222698,0.0,17.064443415102552,80.49849035678338,1.0,2
38.36581519836828,34.0719005184842,69.40291496033751,0.0,9.450410411038849,17.29751547403923,2.0,1
17.298141932705946,27.087654007935654,42.40727152419972,1.0,0.662493846279091,3.2479566532240667,2.0,0
9.385007671157645,21.601759668991324,56.01961400806729,1.0,-0.8500576620825793,8.698399696046442,2.0,0
8.760560510933239,22.968083789829,46.784813223476725,1.0,0.7097181799016804,4.402323068882601,2.0,0
7.964229293084855,31.288150941384085,58.63109828618962,1.0,-2.697322109113661,2.269862661725218,2.0,0
5.341210362221348,26.644537824296133,53.51325804414146,1.0,1.8501091145290043,3.6564840101302547,2.0,0
5.1869290871941685,29.37586226896766,56.237322480207595,1.0,-3.074271774282488,0.25743592371578994,2.0,0
63.92350681954221,57.9799272755277,76.44046172830281,0.0,16.674874319222692,111.03053553675336,0.0,2
61.63768372538338,59.38664253691074,86.0737224755006,0.0,15.926078060365985,45.25731221732543,1.0,2
89.84329848200531,58.89127677897347,75.05155375026948,0.0,12.555714283420077,107.8085463806037,0.0,2
13.751895016804733,30.580287342122098,44.119600717539235,1.0,-0.04107648060561603,0.16535989514139754,1.0,0
10.47534581491403,26.50045774892005,47.918744523918996,1.0,-0.011533493582054211,2.0325104931232207,1.0,0
37.82292008734733,38.16932751815113,61.115139980902526,1.0,2.919868524644202,30.802651860819097,2.0,1
8.581257213096332,20.262959945300107,44.08128777093201,1.0,-0.6208424134122854,0.8848382993798878,2.0,0
28.877090321018596,40.48025067991844,56.07493982152074,1.0,8.750119417767056,8.24305661380565,2.0,1
5.577081635958581,24.284352127640148,57.17396242489148,1.0,-1.235755304461731,0.027139381122934396,2.0,0
12.414150995300384,23.59760633078283,48.14731048425665,1.0,1.9922490809359992,11.140127394359522,2.0,0
8.877356123131852,22.255044569783877,53.52796737820012,1.0,-0.9422240996334639,0.4853853866476955,2.0,0
7.07464999236124,24.466004286050158,44.762933073313924,1.0,-0.6508101944687836,0.23671290169276465,2.0,0
11.95867810735573,27.587385843651678,50.06690261212308,1.0,-1.3358532158865215,1.7559791195506897,2.0,0
32.13037618390253,35.534405492117266,69.005140613229,1.0,2.025500832892096,6.304693830964337,1.0,1
8.087161185624236,27.030377461442228,57.56067025688914,1.0,-1.8116390888150284,2.659363564024423,2.0,0
32.887507664244225,41.66678348128037,74.56371903848998,1.0,3.319257096065967,18.689150079044982,0.0,1
10.625266422495036,27.63549624775098,55.45542839330158,1.0,-1.4719889047761971,3.1092606153324702,2.0,0
71.92301538201781,59.113128391759005,76.75140326166539,0.0,23.80457651492435,81.51881013225044,1.0,2
17.048659861630597,20.640175963866774,49.50216729863671,1.0,-0.7104681864767866,0.6874906239649512,2.0,0
16.251266227439437,27.852104065912634,54.84739874179564,1.0,-1.5882002223717295,3.1210818198502848,2.0,0
37.089513644008505,35.67405442315058,71.03270878749254,1.0,8.34991271126614,1.7689588728844257,1.0,1
38.969196819988106,35.8375246179353,60.93403228906537,1.0,8.443606379085972,8.417745258371248,2.0,1
13.824390347315706,25.201666793067613,48.98157028269752,1.0,0.4716668863122788,0.8495463282317766,2.0,0
13.168618103383093,27.17201939243244,45.997951859890726,1.0,-1.497141941653553,6.290493209615847,2.0,0
11.248085178956035,27.90854492158679,55.48971206239582,1.0,0.7057244941936598,0.19099365748824926,2.0,0
12.098873188343783,22.484909710530264,58.841164389771905,1.0,0.4458408323776295,4.158726899984987,2.0,0
15.740829959283362,29.434467827132696,44.695088434499425,1.0,0.048214720446841344,0.7241449365573299,2.0,0
19.78823815505618,23.795241796751682,48.215776199992234,1.0,-1.5391212662934366,1.6751645781947193,2.0,0
5.673520030922072,23.25315504516879,44.74966610338768,1.0,-1.0026823662797666,2.599723698503001,2.0,0
85.29155421970856,44.213148789417325,80.66654366360027,0.0,23.694996421428964,98.38768674004712,1.0,2
17.32938022705732,25.13121600444005,53.47512459568179,1.0,-1.4734864084151638,2.117062666761498,2.0,0
12.030334725930976,30.68491420663194,59.27370377374098,1.0,0.0210074510570711,3.0773992643056354,2.0,0
18.522649333425395,25.30752566541362,48.21463086982024,1.0,-2.9197879295382965,0.3296989271665336,2.0,0
87.8622972621556,59.84135826955608,83.49874966687362,0.0,25.228055614541553,97.45713870621195,1.0,2
8.198059715303941,26.19887154135175,58.57719099691131,1.0,-1.9807401651075471,2.5003767480422208,2.0,0
30.4197736359928,39.11162189079272,58.63615964513784,0.0,4.893590204433394,7.948346876842292,1.0,1
56.01195066936191,67.51154087774577,82.52514529445365,0.0,13.56518064461578,48.518396354242725,1.0,2
15.612045930537866,20.792118129682898,52.62917585166041,1.0,-0.6998611068041649,3.8740002057414076,2.0,0
36.7825490901549,40.72784621012368,62.84643398172806,1.0,6.239987565730747,11.236610642182958,1.0,1
8.77352675286014,26.190342832547937,51.51186857280164,1.0,2.1030139888786827,3.5061040257283214,2.0,0
73.17501721725957,65.87639324440386,74.24106063874345,0.0,23.573107476301345,27.055865547585544,0.0,2
19.816125704590398,30.383549106906948,46.4080257228043,1.0,-1.3481997153657563,0.8442655006798481,2.0,0
5.401855962787719,29.13021597116938,57.70477757415131,1.0,-0.12463399161477468,1.5642597966048322,2.0,0
21.770759229480653,30.563777145787125,57.665472028524476,1.0,-0.17050003362215307,1.8503444501364783,2.0,0
38.54789563399183,37.06093781950557,54.28206590730378,1.0,7.701991430959889,10.259616120808545,1.0,1
53.72721599987499,58.87627675506223,77.15584893667449,0.0,15.321609007106906,105.85482736668882,0.0,2
87.97884671540878,60.20882998850571,77.71223262174618,0.0,13.32273314784374,72.35657156826935,0.0,2
52.60117404909901,63.53970903714534,70.6959522649159,0.0,26.123351155940554,115.89298063541078,0.0,2
20.443659542671682,27.49740635347283,51.15747351320147,1.0,1.213669186097068,2.0878321359990935,2.0,0
30.39451431720522,37.71700387104259,68.94615732331178,1.0,7.398200244835811,4.074256580094896,2.0,1
17.3137598911886,30.811530748285612,44.09604818112419,1.0,2.1546442793383003,0.15112397220759782,2.0,0
12.11013161694052,30.49067029622211,50.005570704155204,1.0,-1.6145717811030875,7.21796393924364,2.0,0
6.818670860058293,20.137015801448882,46.15638300052238,1.0,-0.43902818846291536,3.4126221823454292,2.0,0
7.5570871487599796,24.93225290318655,54.29437667004072,1.0,-0.5373665668612619,1.1797186153992307,2.0,0
18.733381013001395,30.119914013454597,52.28372488638023,1.0,1.7516128882916684,0.755096105283661,2.0,0
64.68182375534845,64.63427003752645,80.89707432528073,0.0,24.16202647072594,40.61235711668544,0.0,2
16.199317234082194,31.727694895898043,57.939905787288225,1.0,0.21495945750000556,0.15393931817935813,2.0,0
34.10040802421527,40.24204456070002,53.64723116208218,1.0,6.550362679416698,0.95905593980267,2.0,1
30.20868790858008,37.898285184157764,55.05537718647433,1.0,7.700281143352973,0.1972836727329061,2.0,1
5.614726468920956,25.457172110631934,47.72101871303671,1.0,4.414572502902932,1.3911808337842777,2.0,0
44.26394289755545,34.35659166566823,70.7350055049734,0.0,3.070723380805205,6.333417109965129,2.0,1
26.991509238125055,37.45420444298995,54.564928277177486,0.0,6.12907345504538,6.481847780028767,1.0,1
14.64430773369136,27.58869589194065,51.634430549469535,1.0,-0.30619465330907425,6.237774082537596,2.0,0
16.814692064151224,28.479558438544515,47.64246988919946,1.0,-1.9986725218418488,0.7801508540260972,1.0,0
8.938418923518537,30.02991113492619,59.51557637097865,1.0,-0.9438182242941635,9.528251716514033,2.0,0
56.00312793734973,55.10651073616532,79.06290856624145,0.0,16.070473893445758,27.47791223504857,0.0,2
19.50116074294512,20.98070414896134,41.36900905132033,1.0,0.6049118445557576,1.8615224861382065,2.0,0
21.24390283123389,28.50518786274985,52.01584298679238,1.0,-0.1228415693587395,1.0695351863020377,2.0,0
40.01184790484129,39.941822699025124,68.93263988337188,1.0,-0.11533957464651845,15.486160846034284,2.0,1
18.128161078043178,29.81342395828334,44.74957113504515,1.0,-0.06788145294650472,1.2829879804982651,2.0,0
6.294224611335103,22.007855648012725,42.382813439920966,1.0,0.2677937545807168,6.14818169566376,2.0,0
21.279629836591464,20.467256200251988,47.095945793127775,1.0,0.5084902707141294,1.1328972433718352,2.0,0
10.729053999331867,24.25309938551666,41.368814184852525,1.0,1.0978471038515716,0.11835929021920413,2.0,0
21.76558265615325,24.066327792065017,40.55704481642149,1.0,1.3150712795791741,11.199081696462361,2.0,0
31.858537857471376,39.35876669072872,50.89186040901331,1.0,1.8381404597074011,38.68317246803452,2.0,1
73.28208994658715,62.34329342344482,73.25305795903083,0.0,18.588482701678764,34.60685971606631,0.0,2
5.623614449140164,23.767600608528234,49.323631822551135,1.0,-0.10266973899962346,10.736954964012384,2.0,0
20.266519332149777,20.063761708020152,49.64034679553865,1.0,-0.1565376741571298,3.403276292932486,2.0,0
8.170814676797523,24.34682529982746,48.676878457104884,1.0,-1.4915325984463101,0.06559285008101778,2.0,0
9.038236523705919,24.91605264051191,48.542100907206866,1.0,-1.7296264976096736,1.9123888493626153,2.0,0
17.93740784603098,28.854619818015273,43.58189878656363,1.0,-3.0485306464475768,1.0069770378914646,2.0,0
47.36197544005935,36.42518347240296,73.78748598068381,1.0,10.02399020864904,16.950864126328153,2.0,1
16.827727712738493,24.342237118461664,44.66665645298653,1.0,1.3072865791319013,0.8682815313533093,2.0,0
64.79377079600603,44.89003972236698,72.46636865150423,0.0,13.583608688756101,62.455748304506656,1.0,2
5.3078731249542885,21.71451153607294,58.919417796911986,1.0,-2.7445227228121243,1.9107704309355742,2.0,0
20.682489480014027,21.605940355996317,42.53888827509945,1.0,0.44207887935345236,1.6986656550381496,2.0,0
20.233552098699384,20.038619163251344,56.691435805112555,1.0,-0.35735051258342626,1.5169569762623771,2.0,0
21.488467486753905,29.17247194666083,42.86002245331453,1.0,-2.6197000883685506,4.8938288205796034,2.0,0
15.106097698164941,20.373789113520694,42.67391308798872,1.0,0.5798793448577884,13.319855355410105,2.0,0
10.528231091819812,26.42664577855607,43.06289000167912,1.0,-1.4087333546560226,0.433104841622478,2.0,0
7.327055711169724,26.93958079304433,40.2772427182572,1.0,0.560300525117653,1.6252160444412618,2.0,0
73.43582106053636,65.45682662775317,68.74753809628805,0.0,22.0437909102603,29.60725004492413,0.0,2
12.232419456479086,22.438677093033046,41.58560569262384,1.0,-0.28178910151307923,1.491096294440358,2.0,0
17.107046762908112,26.389048187302606,45.05716236500223,1.0,0.6764439521647153,1.0086221163071762,2.0,0
93.93327367607564,56.915147454507334,66.90319258946704,0.0,21.057008296946435,79.69801524746703,1.0,2
29.364561837358252,41.401516890321915,63.762311736647945,1.0,10.288558975577978,8.456940736738094,2.0,1
16.416744325077595,24.343039890054378,48.040544337764814,1.0,0.5908098272471148,0.9041722977906677,2.0,0
35.531916360188454,39.06375581632973,69.35538895415897,1.0,5.314917622027083,18.015233158087668,1.0,1
73.48117937903012,65.54110444425774,77.50717436838706,0.0,16.776699186120872,97.16017125143189,0.0,2
78.66989225899451,53.076888567505705,72.56003990599706,0.0,20.397281046094236,107.81590583329293,1.0,2
8.743114433146793,26.53396350924638,58.576159213757705,1.0,-3.1603336719391213,0.6986320883618431,2.0,0
30.685019125673904,41.47270063276651,68.65376259566969,1.0,6.988900598423374,2.1397977538954946,2.0,1
21.99003333810133,29.513097362873754,54.74264827913278,1.0,0.4645901687040033,7.043542743198089,2.0,0
5.692389639422492,30.683096636213627,50.929170834562484,1.0,-1.291964369545662,2.9441805073716445,2.0,0
46.5087262471759,39.870431338052065,69.031785740634,1.0,8.837822881918314,10.235926292834899,2.0,1
36.0645453894919,35.600620372266455,54.003206004616004,0.0,4.367135120533543,54.77648848164326,2.0,1
17.199162016188996,28.002168695667898,45.51133552618357,1.0,-1.2514070146019483,0.2795565837981966,1.0,0
8.076608196061326,23.12283917582275,57.95910432370039,1.0,0.5984882362525434,1.0341407424134264,1.0,0
44.811342536001035,34.834978279144714,72.02973092235773,1.0,5.925907070745024,0.8376538317016131,2.0,1
40.703928504465,35.44699489726672,69.2255809695662,0.0,4.73398230987276,0.27384070728083576,1.0,1
34.03325422139033,33.17891917827552,54.37092288665528,1.0,8.895793153141344,8.70150338449072,2.0,1
10.763506447827911,29.01650103234855,40.64886892094374,1.0,1.9065979890105502,0.1460514446765483,2.0,0
36.34590497349606,38.33658845634663,62.69209561587711,1.0,7.334574661794967,27.476835471568215,2.0,1
10.234809007050245,22.634647078757624,52.34388454233933,1.0,2.6297922030983782,5.538634864890721,2.0,0
10.502547018872143,23.42940266631044,50.805577863748425,1.0,-0.3884081948675859,1.9292196398856456,2.0,0
5.6702557932646,21.95239692570279,42.18027231281857,1.0,0.6996469311184754,5.666517111622046,2.0,0
73.65301749199746,56.58233400927688,80.00772983409531,0.0,9.061181607808955,39.31217642276021,0.0,2
6.719085494087434,30.227166492694177,59.85163590975527,1.0,-1.309483450334029,1.4901751687102145,2.0,0
20.762022931150696,28.488764000395133,50.0927457595487,1.0,-1.6768914120551095,4.6724366424491635,2.0,0
6.387709694520023,22.980515124437602,55.19647316856776,1.0,-0.007659948040837534,4.634499187812603,1.0,0
60.12392788429386,43.63602252831098,70.51199905937018,0.0,12.549952489752089,60.30248443358135,1.0,2
5.772588465804784,31.658392290812607,42.61947485988348,1.0,1.7039217689157329,3.297986115857559,1.0,0
73.77374890315693,44.62475650846921,75.12076251909212,0.0,16.78685798767428,32.155404041732645,0.0,2
16.702840739271515,31.527523706158398,47.871106722126314,1.0,-1.8802590185576424,0.061331370269612925,2.0,0
45.99660754704338,37.403977484618125,53.11058442268033,1.0,3.3110000010840124,15.3294558673843,2.0,1
75.22461987363701,54.59866354305033,85.51530799383892,0.0,21.047596019772094,45.70983891690129,0.0,2
6.556895246552781,27.122731224545433,52.90437151689328,1.0,1.165405054397275,1.341360400936894,2.0,0
6.11105779358202,29.132095081944705,55.036502919133625,1.0,2.6168758051128727,0.3889164198466653,2.0,0
57.41704801522424,61.792649004482875,83.96292606362354,0.0,18.86431338915898,80.5219390933604,0.0,2
19.019576420727535,23.183913650665602,54.374362265244045,1.0,2.9880549539389634,0.45269388472326855,2.0,0
5.2472593163539925,25.832005925571238,47.599581579307895,1.0,1.3933980202983227,1.2683843894439462,2.0,0
30.045465496501212,38.021538672910324,54.26886377490491,0.0,8.103766918330107,6.681730981270388,2.0,1
85.7318430764153,67.79890927007881,80.49966637079656,0.0,15.841844005795059,91.51230843331551,1.0,2
56.93997291638792,67.86635557395275,81.52334438706228,0.0,16.97297282855079,39.63577540440075,1.0,2
39.09565980115737,37.74020423033716,74.98647667966006,1.0,-0.04502531852127234,15.81198187824455,2.0,1
10.116380638095876,28.6214473678706,49.8591394331172,1.0,-0.789832699705053,1.9074951181205337,2.0,0
18.44229380226238,29.051179680164275,46.25839096057645,1.0,1.6295710668087569,1.7528315847142102,2.0,0
29.35467633043262,41.868936459326946,63.162890413040756,1.0,7.938136030286195,10.06891634909039,0.0,1
16.284676969570686,28.123289395962047,57.39299369624342,1.0,-0.46344002189686107,1.7920136156168125,2.0,0
85.53637850153262,52.739881210965706,76.81980838864247,0.0,12.549213974863338,63.488911644018515,0.0,2
16.76674280880024,22.00989306912929,41.09932613679644,1.0,-1.158288581706569,5.4098972448379135,2.0,0
46.566688349667814,36.12965804066333,62.15008620595567,1.0,6.198423345447005,9.223494230282919,2.0,1
90.10923953478196,61.16177330451108,67.20825327861398,1.0,13.878718591271232,114.733510040314,0.0,2
15.177194231349622,23.558426975451862,45.57286126230073,1.0,0.07173797967702442,5.06512246690654,2.0,0
28.69645845250463,36.733476047000586,55.0066538679499,1.0,3.3645036270914854,6.158962784500785,1.0,1
56.046642655715054,44.33326974596473,80.50683368891589,0.0,17.255229751093776,31.996791287507484,0.0,2
7.374071330857319,24.692394429528782,43.32510660699401,1.0,1.591884387768177,1.9262698213658354,2.0,0
15.136587934194901,27.949208140412818,46.24128089304041,1.0,2.143140243055156,1.1482195535187296,2.0,0
17.278537841546203,26.371252140945124,45.2232486502172,1.0,-0.19950474589509537,9.486315257462177,2.0,0
25.043073110140877,38.56737265350991,59.2777915944147,0.0,1.7008787861464372,1.126909931911007,1.0,1
25.513976133817717,33.599598786307155,62.90311460506217,1.0,5.844861628319187,0.401671146183734,2.0,1
65.5478326362193,65.39709592668868,79.92236836531444,0.0,18.850270741905053,72.39778934413229,0.0,2
17.341246540794067,31.479375453001495,50.64583751902909,1.0,-2.4267009207230057,3.67489990749684,2.0,0
12.805307856050442,29.86906848401934,48.05407441989121,1.0,2.1246176875504386,7.022956983326818,1.0,0
21.56471173032483,21.296309049568297,45.17183182269568,0.0,2.387100551644206,0.20685432621168914,2.0,0
20.926105568520885,23.296445780574704,53.49786406108309,1.0,-0.5167158131286791,10.819864588837358,1.0,0
21.91272739188604,31.25558277720673,49.056496105686534,1.0,-2.753653134265635,3.301044841590386,2.0,0
9.328891130983985,30.163626250484725,56.57305812236579,1.0,1.2637708446825064,3.411903417191259,2.0,0
14.628878885047252,26.00724285385649,42.76250586280494,1.0,1.659347338289953,3.549975315339613,2.0,0
19.444005641515993,25.474838107466503,54.57556108901295,1.0,0.018335322622754197,4.318438375873732,2.0,0
14.796902122835824,28.9837428095144,44.91694884986801,1.0,-1.3290603704675656,7.662032133291369,2.0,0
21.162143208968576,28.850100313508083,51.41754833678952,0.0,-0.5127327303692033,0.6957443553397541,2.0,0
5.451047465854935,31.712165879350565,50.2741571043061,1.0,0.3675579964731089,1.8752557800701743,1.0,0
7.190787747048568,24.144103426938656,59.73791890776595,1.0,-0.8475907103267888,1.3780713490993852,2.0,0
12.84511689862048,24.336845348806236,45.21698491924178,1.0,-1.7714587254965783,1.1947642405780843,2.0,0
14.717415720988297,25.800889231677758,57.438261225610105,1.0,-0.3695029217697723,6.950050263963969,2.0,0
9.32940057478287,28.899697422032506,56.19957487366945,1.0,-0.9251630422795616,2.42078887926072,1.0,0
17.038925506969786,30.35168565379015,46.603119006312085,1.0,-1.9835211520249434,0.14746850294695318,2.0,0
8.026611436785775,29.381886360139227,44.49314795283533,1.0,-0.5529290486785494,3.7061015908986894,1.0,0
67.55771682552609,62.001180149024435,77.98875780917687,1.0,16.206096015768953,102.45696536165441,1.0,2
9.012857876889887,23.693549980168946,59.5082073536949,1.0,1.8087276310740648,0.34335831682127765,2.0,0
57.74782070118219,44.086709983092874,70.5799613899294,0.0,17.97750879718889,26.949638612688954,0.0,2
10.5281164744547,25.53868969303748,51.31563109681993,0.0,-0.47826953324209687,2.108103970524904,1.0,0
9.066061771670736,22.529517218600343,51.596591520954505,1.0,2.048289693789399,0.49978224891489986,2.0,0
13.741985453031397,31.621865331132604,57.41338068251035,1.0,0.4481966704826429,0.7252025936574702,2.0,0
15.516393429658134,31.05193425315891,57.22891372042648,1.0,0.5789551388533138,5.463426454914969,2.0,0
6.210207023823893,22.72615468428218,45.429840050854224,1.0,0.5118237637380498,5.651065641802615,2.0,0
7.3600619350399725,24.494634644241458,55.069442213191934,1.0,-0.5435213363191533,2.625411542532435,2.0,0
8.41587270720396,26.76074420855168,51.66614496368409,1.0,1.5324528207414123,3.9429828141214767,1.0,0
65.42387832332497,50.3962791303011,69.66729537114573,0.0,10.57587785976499,31.19710282041125,1.0,2
44.437467877124476,39.84451803975516,62.838051922812085,1.0,9.170191292327033,12.291597684059322,2.0,1
14.341990999503505,25.625215585574068,56.48700894498699,1.0,1.5942805395498247,3.41659825786619,1.0,0
16.13911367086337,24.45129209789318,44.39269857189138,1.0,-1.2959697736141174,2.3804935293388003,2.0,0
11.172399038776796,27.514811857052766,49.03478951962887,1.0,-0.6672102572557355,3.4355369324863476,2.0,0
47.28376471575913,40.48381475202188,54.51924798252258,1.0,10.760698971099274,4.57668508644635,1.0,1
25.467839114554824,40.046861846184264,61.70810768421388,1.0,12.353190009025695,3.3485577479877984,2.0,1
17.647086973735508,20.874822024414843,50.468027418440165,1.0,1.352593045710411,2.6069318331015117,2.0,0
16.73008314395132,27.43431440043564,41.14783687376547,1.0,-4.566984808864743,5.25074404694339,1.0,0
37.849673210556375,35.14855930720031,54.81858768030921,1.0,11.047942782039891,11.490950322298442,2.0,1
25.740953290358576,39.92308083187294,63.3400600381357,0.0,6.511328996164089,70.37931193906591,1.0,1
31.750007279257332,37.38246641915323,63.43020448487221,0.0,11.2683047690806,15.152768170274964,2.0,1
31.932772971366845,38.25073891734112,56.33874439829773,1.0,4.428470489059814,10.634041242247914,2.0,1
21.160321497938455,20.216078667205455,53.94327384275961,1.0,-0.24405555235363768,0.16940913604155888,1.0,0
5.489305497326763,20.797326132269298,57.02301470851964,1.0,0.0787895523229744,3.34636739060634,2.0,0
18.562832030596788,24.00354075004239,49.66996170213608,1.0,-1.2817401941070814,0.5644975017165046,2.0,0
83.43863768547021,45.43061044816062,85.35108298835044,0.0,21.97607014611699,109.3110927371969,0.0,2
19.542829928187125,20.952879015716356,48.34386837129153,1.0,3.267843260987493,12.889126305275116,2.0,0
13.451970988143264,26.39004879699178,43.951118113569564,1.0,-0.11151799463778639,1.1783461317117223,1.0,0
18.589976781453725,21.68663561094033,51.71175367745225,1.0,2.200173835348464,2.061636370383413,2.0,0
13.300099329370228,25.02328729901996,53.899402662429516,1.0,1.18230621119578,2.141372000396651,2.0,0
33.90866867970392,35.218138826737544,52.71407861757024,1.0,9.893820580605396,16.442908299045982,1.0,1
7.1192655804555365,22.961886430422826,53.40868667593835,1.0,1.4369909122200286,0.3462325204025898,2.0,0
81.1248282823434,52.91364967434038,71.18817426685118,0.0,23.597033354173423,63.786933756203716,0.0,2
87.64995178729191,51.3457880925518,87.92182097726294,0.0,7.156426142605596,72.91538684821947,0.0,2
37.84036006129006,34.736409926635154,52.49842266421549,0.0,3.233342168595856,11.550863183232783,2.0,1
20.924409808524487,30.472763005815224,53.14060996468214,1.0,-0.45147046858983286,1.016211799152587,2.0,0
83.96453377098075,57.09146749087538,86.23450582574831,0.0,28.222362928183426,80.6842807954875,0.0,2
17.924926993076294,23.629034135342437,48.99887348537719,1.0,0.3035750558980428,0.20364188435614644,2.0,0
39.928022747168924,40.9252419880887,61.313341100732515,1.0,5.555464399505313,7.051079819930713,2.0,1
33.04202775063147,41.2014281008516,60.159996321362435,1.0,5.873196004695621,2.9172654477339184,2.0,1
86.35056978862728,65.5497023573289,77.07117081743166,0.0,17.871825765351137,74.55562867611191,0.0,2
21.246075469905808,28.551455997182153,41.09465413849972,1.0,-1.3603543120830914,0.8791740875228904,1.0,0
11.106967279796017,29.769508227093944,40.01886830535262,0.0,2.929660797408861,2.085262997405847,2.0,0
35.25720121930133,39.343417488516444,60.495969558876915,1.0,3.2871144400452303,11.40519172745414,1.0,1
30.403816945168032,35.24903875380628,60.283067420581744,1.0,13.195347856764208,4.142202351586286,1.0,1
6.783813033108973,30.393147603340296,52.85590141012618,1.0,-2.6314272792337485,6.06912442112022,2.0,0
57.27779074040529,51.99769818734183,72.54874187714272,0.0,11.414139818528334,76.10189651878518,0.0,2
16.72090447533352,30.07761927997312,44.81607632146346,1.0,1.7460902288789062,2.9890856513342468,2.0,0
29.28751848482552,41.834495900781896,50.62562753909666,1.0,6.66906090888649,9.138224629933468,2.0,1
5.205844078993087,27.94000711555027,57.34120364757895,1.0,-0.5298962031572373,0.28282416846612607,1.0,0
6.478774918493972,29.68032223633687,58.30003075495054,1.0,-1.3654865128924258,0.2864489850792428,2.0,0
52.438780053265546,47.61219692910994,69.28031292460255,0.0,11.134471102412279,111.7057754772195,1.0,2
13.811604090183524,25.5108785311635,45.10672747526488,1.0,-2.316650772372366,2.783668566873569,1.0,0
29.620026920908128,41.86508773046502,52.2254031183474,1.0,5.448034019691107,8.554559330816454,1.0,1
8.960311070811773,29.450589030305352,53.55446482402641,0.0,-1.211387010147444,4.03887230890404,2.0,0
20.199686462545287,22.38790566751324,55.92881123046955,1.0,-3.164757360938462,0.5436629433472655,2.0,0
34.498817384436414,41.721116671527,72.70384858068758,1.0,10.484193021807911,5.124799272833025,1.0,1
11.028576679893202,23.389952791674226,53.42025961065819,1.0,-0.7592835916280042,0.3313016173586059,2.0,0
15.380540721507755,25.90790576001418,45.926516037996,1.0,1.647727314077728,1.2673542724677602,2.0,0
14.700365692860105,21.406446868162803,41.69932579778933,1.0,0.14897072242702444,0.7252734267852319,1.0,0
8.084402396526555,21.506602577151842,45.76369051919059,1.0,-0.40492784523774616,17.990933948878066,2.0,0
45.0978548544412,33.113783412600164,50.50487307710832,1.0,5.5665364756667115,1.8857820531350202,2.0,1
44.116099604285004,34.683511524237424,57.60511295337509,0.0,7.049243445743945,7.499667862652039,1.0,1
71.08759619768031,44.09617546777408,76.35228108946019,1.0,16.31478452521405,41.39051156527532,1.0,2
6.870882716970505,24.26591612529629,43.71466144010371,1.0,2.7283477983004873,1.412405228660597,2.0,0
8.09102444252071,20.98606000971713,47.347814573941406,1.0,2.5665432137861814,0.016941685105103993,1.0,0
8.604762278439853,20.92366003257049,46.019326392632436,1.0,1.9295732054933001,1.8999180474311421,2.0,0
69.2618409659512,56.48436397060069,68.37771441872465,0.0,28.13293315381606,115.88417602255161,0.0,2
16.3083527518354,23.535432756154318,48.7971127942767,1.0,-2.705625726138744,0.5217387855283635,2.0,0
13.429887496339104,27.932171050967845,41.352094989447664,1.0,-2.150595037215343,7.266003508415371,2.0,0
18.711539513644645,26.257515664657664,55.025578487475336,1.0,0.02418718185070866,1.047178770885565,2.0,0
19.38968895948681,30.873332025589967,47.73414114087956,1.0,1.4552626238517887,1.1489476787475337,2.0,0
5.381978241441995,23.63498874599831,48.59346726710296,1.0,-2.5524987874311242,3.1298938580019895,2.0,0
12.627791584583022,22.44167290997115,42.38420885681147,1.0,0.05783275317647656,2.22494827853931,2.0,0
79.63350583859614,53.196574085641544,80.31639071807564,0.0,1.4728702296097609,35.53365781685608,1.0,2
39.38414548724949,35.1738853144438,58.382207926986766,1.0,5.482821900572306,1.4775802603212358,2.0,1
9.114939615695507,31.19735997612269,43.812196661489,1.0,-0.6300415909412438,6.171972527528001,2.0,0
5.309953905498148,20.100364182522284,54.0173139448776,1.0,1.4867866693899994,0.7217805970818336,2.0,0
66.91271817066986,67.09522424052498,86.3196343317625,0.0,16.819133261414237,51.049722480723254,0.0,2
63.97819667833863,67.7844804612074,71.39303761401266,1.0,16.857085813169366,93.5681763451919,0.0,2
8.801129254830695,22.849201620497674,53.47677796540009,1.0,-2.216418610379167,8.370332624703597,2.0,0
39.46379346292355,34.65206617307918,67.4408705708166,1.0,7.118382475587618,7.851120780982244,2.0,1
17.42474707846195,28.672483492378742,50.325665983953485,1.0,-2.1507087358926213,1.0752826425358353,2.0,0
58.88983736894622,51.64565409464198,72.34390736751541,1.0,16.738033362807055,106.19883644125139,1.0,2
82.11656072516162,56.872359404380234,67.84491213754973,0.0,19.446473858434878,70.87313658740553,1.0,2
7.747688139608434,30.875054966252442,56.37480458968102,1.0,1.0084401120606032,1.5232385778689617,2.0,0
16.432813753309652,30.473046074793537,45.94574408562653,1.0,0.3495644272942259,3.7874333712376735,2.0,0
5.694766476530141,27.642827809456918,52.342118888573125,1.0,0.08511252494522911,4.940966721792424,2.0,0
8.921386799201898,21.819140897601194,48.81329766848587,0.0,-1.645312619075979,5.697340643573936,2.0,0
35.50857476459584,41.8812961361888,64.82130012230554,1.0,4.44609810235047,7.577351834762505,2.0,1
9.84283933335269,29.636024863494043,50.928141484242644,1.0,0.4218457383279062,0.8918930075426883,2.0,0
39.4190744242196,39.181390943930666,73.66596818037381,0.0,3.51509238126933,9.57998775303789,1.0,1
5.093875991101241,26.070232315421947,54.49196573695258,1.0,2.086458537002101,1.2200113561729977,2.0,0
11.873419057772967,26.688046034876095,47.26807863998854,1.0,0.11765886912550513,3.793776633359548,2.0,0
38.2193808850743,37.21568590521923,73.09006669944795,1.0,8.815713201179818,5.352296246483772,2.0,1
25.030673708288216,33.662564353803134,66.84594902917442,0.0,4.707685173958848,11.352896004006844,2.0,1
20.759587261537213,29.273714879484046,45.63836711194503,1.0,-2.21879402753665,2.8607538952669724,2.0,0
20.671861995392987,23.02689224208034,44.08896744928546,1.0,-0.42168822733212946,0.29767952098035555,2.0,0
31.11216665229321,41.24643753609178,69.29730365813137,0.0,4.6183019107213275,7.333516530556584,2.0,1
8.653986436042866,25.515978444831937,55.16080842022433,1.0,0.506649148581902,3.7773307761127186,2.0,0
5.244689306705849,26.71706820366059,52.45506806479682,1.0,0.2994156276041742,2.4621451636135108,2.0,0
46.75197306625276,40.45490671777658,54.28580511186795,1.0,3.0364257791032774,6.602551271050858,2.0,1
26.16323801981724,38.691608056216765,53.29629974108492,1.0,-1.7348785504215911,5.8681865960763435,1.0,1
17.403305031747088,20.111979437925118,58.58289434423375,1.0,0.9396520086809164,3.5829699151715664,2.0,0
20.292767745667664,25.85153371600653,47.06205777876779,1.0,0.7645338468369842,1.1352567627621755,2.0,0
84.06863279405468,47.11407191549551,74.84976610597778,0.0,14.803240721517318,32.40525659593728,1.0,2
20.485762136395323,21.045113201549256,59.306054472608,1.0,0.6252023617246708,9.024129714955778,1.0,0
39.44591996114302,33.71787082905964,63.59253549112294,0.0,3.1189408435736587,22.707081985523153,2.0,1
15.57547390387385,25.159172928681777,50.63743533010033,1.0,0.45281007108151766,2.8976351761253634,2.0,0
39.00481180369087,38.49455556637637,61.23414679062876,0.0,7.837879132011338,4.756709399637684,2.0,1
11.034937199142934,23.91967099311093,54.35352315586999,1.0,-0.058716040452512816,2.272157544256909,2.0,0
19.09101722000436,26.067609841063508,57.94794636643172,1.0,1.881778053571785,4.201227334853282,2.0,0
82.18362745670728,49.72583871939777,81.10702862323295,0.0,12.7761432542,88.30576979827836,1.0,2
30.22539882319097,36.560821390770414,69.48340663298717,1.0,8.062652158777482,7.59350092996392,2.0,1
5.668306377298682,28.259290829362847,42.109668549220714,1.0,-0.36214584708748965,3.199564761905405,2.0,0
68.68120825419138,59.92601712869293,70.22607596429795,0.0,23.11209020945097,105.41935552833749,0.0,2
19.936709768037687,21.230191568797693,41.07661049816918,1.0,-0.8962182870366051,6.221489396344874,2.0,0
17.5465714792483,20.74643871397643,59.938988348233394,1.0,-0.0622076669987215,0.259705106337699,1.0,0
6.890357199204573,30.547746803387206,55.590334028481266,1.0,-1.2032991120527687,1.766462490517109,2.0,0
29.33307965021132,38.08515992015499,57.51579821454189,1.0,7.296360731951308,7.754775085578807,1.0,1
19.45988939460211,24.43136924258649,47.836217892343434,1.0,-0.25926851222116637,1.3278217211008319,1.0,0
16.611115148078067,30.268847106869437,54.1887772926795,1.0,1.2816030016810798,1.5667179958530704,2.0,0
37.7769293341597,41.737118915121265,63.52299533218247,0.0,10.784285967131591,14.440823250913272,2.0,1
32.79765664410992,34.618633335682794,50.03299672460824,1.0,2.7450960375585685,16.69103828199174,2.0,1
7.981311736598643,23.118859750913995,43.07567411026432,1.0,-0.5900734466169856,4.555294837925076,2.0,0
14.639276436773352,23.039268602272582,51.05629751436698,1.0,1.0298516201297643,1.1177236189093613,2.0,0
92.02754299532437,45.94295497706568,87.29766117955414,0.0,27.201737074397542,68.25348553599763,0.0,2
42.194216629244536,37.26079017570101,74.60953281546509,1.0,9.812536863226644,48.53968231742305,1.0,1
58.19888259669989,56.139874745709335,75.49358959446478,0.0,17.34848113903234,36.771262906709936,1.0,2
20.72922139606632,29.25952293174329,46.33885243534563,1.0,-1.6192992782490585,8.299223299522595,2.0,0
15.896525314870644,23.324150291911746,43.58327836580302,1.0,1.5893483589350959,5.35210147300646,2.0,0
21.156995229301497,25.78449269734499,56.988928124514715,1.0,-0.2429322254119912,2.6608238584348105,2.0,0
15.55556380204711,24.75864418387956,45.95300555136561,1.0,-0.6827983572242387,0.4496367600496003,2.0,0
43.18516909904905,40.437232891575036,58.9034790503742,1.0,4.7105015305564395,5.038833918958797,2.0,1
36.53916863605603,41.05529476444653,59.98500754445737,1.0,3.0774977154833336,3.170376720984521,1.0,1
56.28811480284096,51.29958486358221,79.17855550882481,0.0,19.661965986714605,107.2801233239315,0.0,2
6.930479067393693,28.144039480070777,42.06868229720967,1.0,-2.139027175680678,0.31877341143167265,2.0,0
15.331525512940605,29.25347379022264,46.88183235698884,1.0,-3.326386619038156,0.143099094403684,2.0,0
11.574500887109135,25.15588175286722,51.33210517810926,0.0,-0.7771035292125852,0.6717429365396452,1.0,0
20.24501221864923,31.568346165986163,59.09131857717621,1.0,-1.5569870324838448,1.5204603162817736,1.0,0
93.97209270179401,47.014671768078145,76.99545333145082,0.0,3.4717214887363284,58.47290912366089,0.0,2
15.894870661654648,22.002322420385035,57.45718843131329,1.0,1.11273344158519,0.7839439665632348,1.0,0
12.967783716514495,31.46072613781987,53.52722135745448,1.0,2.373175126955351,8.795902375605674,2.0,0
77.23097084460518,53.549234515218544,84.9975593653293,0.0,21.397064344621036,82.33302282771388,0.0,2
27.516899311227526,33.08285100651579,73.26814486363493,0.0,6.489766878876496,13.210787028441143,2.0,1
6.179142114877813,23.90124818518039,47.95368828866109,1.0,-1.2915745082483632,14.336512734074946,2.0,0
40.681326659540886,33.468471585305764,52.84128153279208,1.0,5.493684181686271,9.824821243276997,2.0,1
44.502255732403455,40.52868175002821,52.75836934563007,1.0,10.605365219437957,1.3833359271607881,2.0,1
20.245402968402203,30.6811644222057,52.38345470731673,1.0,-0.6049316878664079,3.4296611162356196,2.0,0
29.641390370870376,40.25500635892564,56.439469562449986,1.0,11.565355719106039,2.4200926982517776,1.0,1
14.414638092110396,26.004313354586728,41.37507812844975,1.0,-0.054870059815268685,1.7823087643128468,2.0,0
29.563216772651476,37.108605810496115,51.442082114588594,1.0,7.766495854625843,5.378899911620197,2.0,1
13.061641683176884,30.176505075217808,53.65080957534314,1.0,-1.7445639754269027,2.6756463496347664,2.0,0
11.396412954025568,27.187742098126527,57.01149056030232,1.0,-1.224232483542066,0.9764961774644186,2.0,0
11.26494784330394,23.31582930159024,41.74893003599771,1.0,-1.9289995597747405,2.317087720339619,1.0,0
45.03691763510237,35.954778393221204,50.43364817134295,1.0,4.199387326243116,1.0711913328181895,2.0,1
91.82063902983037,61.431742078142605,82.83453384422774,0.0,28.920208876604637,88.04665400288366,0.0,2
12.664269313870246,28.483717849468594,47.64278949665139,1.0,0.603402115801947,1.5804508194561717,2.0,0
9.280299029031191,24.01085982435273,56.34815694612219,1.0,0.4028903715664468,0.33068857715946254,2.0,0
41.71503300027435,39.26885120149104,58.35658436948023,1.0,5.156362613135134,28.1789953426263,2.0,1
66.14100719881912,67.63462850669764,85.52776421890619,0.0,13.018592197996293,100.37832614799653,0.0,2
20.654830809040824,31.568208885412428,56.40135004111299,1.0,1.0180921039191284,1.6174132724791335,2.0,0
6.667403873332158,20.68374472396842,50.87574140783494,1.0,0.13675221999965875,0.6201364351589359,2.0,0
36.383899075214806,36.884539656351144,51.688871086392176,1.0,4.359484634415652,4.64877828778889,1.0,1
38.63114890136527,33.737718998341414,55.07900095910522,1.0,8.455646149319996,8.623646918931815,1.0,1
15.589138088923004,29.574969915390728,50.80593063580615,0.0,0.3597866187739449,4.357634554369508,2.0,0
46.0787720193193,39.365436533500095,62.65013336917344,1.0,6.286822632337733,12.137199278795908,1.0,1
39.59242221437887,38.91203911189216,67.15583200241119,0.0,8.358051872442626,8.284798612427998,2.0,1
71.92548989225175,48.68645276182302,86.34734008059976,0.0,8.714813506353321,85.21363975967455,0.0,2
12.471698706759472,30.76839038949118,48.65679842114345,1.0,-0.37346048292101286,2.7505122267892625,2.0,0
8.142525743933959,27.74972975186247,59.99115406500877,1.0,-0.07875760280797826,2.827856893912813,2.0,0
12.602443188582207,27.783667481225788,57.5549880972525,1.0,1.8160118288132958,1.0196620383649906,2.0,0
18.86284428373218,30.0884363361344,42.23185999914495,1.0,-2.0339555172899457,0.3407195035655216,1.0,0
16.055536667897925,27.401403294230494,47.03299744683811,1.0,0.6072351132124021,1.3975599580968798,1.0,0
75.67167805311936,67.2699537318168,82.29701974830041,0.0,16.750663742323482,48.31400624830884,0.0,2
9.557081893988897,26.215526332550947,49.43298981501191,1.0,-1.766642186987037,5.9433332916516886,2.0,0
18.272946963163477,31.704117601748848,58.53815124291728,1.0,-1.961664847721491,3.3378614586318758,2.0,0
31.20616942569517,35.73999104091337,67.20991762317271,1.0,5.815901879700261,5.955741949195111,1.0,1
9.634608012470075,22.33970239880347,40.32056312910246,1.0,-0.6104615495600567,8.907630798560744,2.0,0
6.969774011927205,26.780263914308193,47.84187153809145,1.0,1.2798023175773316,8.771043856799013,2.0,0
60.01952508640657,67.32337031259256,73.54544816234053,0.0,18.929102689862304,25.572093834998604,1.0,2
21.851351892937203,30.77503024349199,54.016168360034804,1.0,0.3542136148186516,5.031625707670881,2.0,0
36.70961492724422,39.78049303427852,50.3002290771066,1.0,10.821057024747843,15.318454011063771,1.0,1
17.278293662682128,27.241917152520543,56.78293216141505,1.0,1.4939605182696685,0.06030655672248071,2.0,0
30.920458294524224,40.46501975785498,57.11402099404007,1.0,9.082658141025473,11.042442588280698,2.0,1
29.230790610489834,41.39205378972579,70.0039559166199,1.0,4.43413330357231,1.5998764331322957,2.0,1
92.5653279167743,52.59288373750817,67.72908442831597,1.0,13.550572446638954,96.56128907747384,1.0,2
13.027653727753139,31.90171941619236,40.38310971102506,1.0,-2.4350737949118653,0.22504913685055353,2.0,0
14.068838563597465,23.594788135446485,52.51301578854553,1.0,-0.4217460636968359,0.9104299338996396,2.0,0
28.90486961443681,37.48144248056046,63.773604846015076,1.0,6.109810969689237,2.873195329410726,1.0,1
12.119098923165243,31.00983011758388,49.170371243740306,1.0,-1.1405454618241957,1.172953985431191,2.0,0
68.57920384474376,49.653748673243285,73.24805420246693,0.0,19.206285985690165,43.475811919393735,0.0,2
14.965907144285554,29.647502090630244,50.82540221883356,1.0,-0.47203624318213866,8.559288350212476,2.0,0
31.692043901913117,38.8970923611871,55.35290608532339,1.0,9.552898293470175,12.426425285700201,1.0,1
6.22737295264599,26.25738829000256,55.243491743632894,1.0,1.9356911120645246,3.1015569740584823,2.0,0
40.67530500479483,37.91016912070901,58.38119589250828,0.0,3.50378859680161,19.92129801387509,2.0,1
47.07371727489611,40.8336465294789,59.094651289976426,1.0,2.0672639787835205,5.994218166272806,1.0,1
68.99740382599322,48.297163486248934,85.79448182552562,0.0,16.539113582202596,92.56785622127926,0.0,2
14.60229926546448,22.543928656383898,48.31637136036822,1.0,-0.7749212981401618,3.735045108968914,2.0,0
15.045180034200111,20.314360502384776,42.331661491113934,0.0,-0.8480894554281022,2.0857323996540655,2.0,0
54.41365828490611,46.77195117061511,66.7530230492361,0.0,19.04620552660982,101.82732125797068,0.0,2
68.54981681802555,61.38643129188553,87.62034373339482,0.0,12.249303712471153,104.34846014412264,1.0,2
5.509551027835525,22.81044045111601,47.59474809643297,1.0,-0.6500843500292298,1.6059740158981508,2.0,0
13.558093604532568,31.8564315938671,41.720643140658865,1.0,2.1732301625065733,2.663354415331831,2.0,0
92.44097268967775,57.407720497226414,85.54688791449641,0.0,20.54751057628287,86.93364065019631,0.0,2
19.905015824949743,23.372053986904564,48.83667409603909,0.0,-0.6919005757474609,0.962981665412777,2.0,0
12.437073674403393,26.703708757405103,41.89930550456753,1.0,0.9634518525167639,0.3151849221224572,2.0,0
6.025985427839585,22.572877795917975,46.77646964845615,1.0,0.5981456466372214,1.2417148605709551,2.0,0
19.85613131856276,29.73348523920165,53.37753062081371,1.0,-0.8865276836001481,0.6225905601552567,2.0,0
31.793671088334168,35.76001767281805,56.12347614234141,0.0,5.142383235062638,6.331180557223668,1.0,1
18.77940662329116,24.734912907171758,48.13181074718945,1.0,-0.714830702150287,5.075539077950689,2.0,0
40.20362233939044,34.34221597062784,50.724818624974496,1.0,6.508209224736208,55.184236770567296,1.0,1
82.81406984929716,67.2757282811275,78.30429838461201,1.0,20.408801150889275,42.795268871681486,0.0,2
30.458225700579284,37.58799160233161,66.6939006299634,1.0,9.624824221956418,1.9170048456098159,2.0,1
33.56376982286376,37.87831846955506,67.25526941748669,1.0,9.134941485399583,9.512368731799803,1.0,1
21.41574456226751,29.741237457081652,41.87553052514033,1.0,0.591869978226329,0.2780645010671373,1.0,0
13.22027599423872,28.59676534349719,57.59675495882936,1.0,-1.6811514760443744,8.032561274391014,1.0,0
18.60997388485441,22.262487268991013,47.7361448410376,1.0,2.023768573333058,2.6570065052619887,2.0,0
13.537315175631123,25.192749632236456,46.683854283462196,1.0,0.02939942486644244,2.4145284690403424,2.0,0
30.412487672074242,35.203296660548105,64.50108888245246,1.0,-0.3993576531543326,9.248382664278058,1.0,1
35.74080343974174,41.539934624095174,62.78798893657184,1.0,14.038886081700008,4.601443417471922,2.0,1
15.503403083420636,21.38473570614701,56.10348794720754,1.0,-0.27682716327891776,0.07709668189518931,1.0,0
10.977585683073785,29.198180594391015,41.12448589701945,1.0,1.2199206090968895,6.130158156736067,2.0,0
19.229226582182424,28.36651258291564,48.88366813756733,1.0,-1.126094410508398,6.992214527091711,2.0,0
13.77710592112032,30.286151083985036,50.28190885102519,1.0,-1.1956703493374712,1.528026671430943,2.0,0
31.463642304214655,37.39161875811674,61.22849221148478,1.0,9.678313756002204,4.402130508746671,1.0,1
6.244330704063541,26.50113157121076,42.35944967256123,1.0,0.9054686084411079,0.5441265420858152,2.0,0
73.7508267252339,57.896651338214916,69.43989104975688,0.0,21.035186148696937,69.68928022425695,1.0,2
62.740067552950556,45.20386610630748,76.30399939162427,0.0,13.208877646895832,51.186201873016344,1.0,2
44.30552986137148,33.31267931330094,53.51738559651866,0.0,7.9428179477012115,4.617755842824924,2.0,1
16.616021402310587,30.873044725775127,41.557130392175395,1.0,-2.2143938160026693,0.6255037560301067,2.0,0
18.90543941002406,28.414038339083117,59.84271278957166,1.0,0.6556901695965778,4.220642046000359,2.0,0
9.515200724008004,25.071550364163308,48.705245593131075,0.0,-0.4231886654008669,4.498634715384993,2.0,0
44.5494426435207,41.25869871829539,57.56259900878529,1.0,4.9732646095596245,3.3479406930891615,1.0,1
18.742754917979838,27.87774328797803,49.72260970429848,1.0,-0.6386334069773858,2.8171363364246287,2.0,0
19.251587980089344,29.88548461065554,55.84382389603352,1.0,-1.7430987303844245,6.833936040893525,2.0,0
10.422585714993943,30.04449350291528,58.0848658281513,1.0,2.250411913501482,1.3749748943902058,2.0,0
35.891193745469,40.65702344367614,59.54644063054582,0.0,3.0667367968738546,0.28032436412928274,2.0,1
5.097897228468066,30.590718521268165,44.7963990441318,1.0,-2.0092340497929886,5.871698470863317,2.0,0
82.86668037405832,62.22653683452927,66.6327513964819,0.0,13.852725373253296,87.91997482200205,1.0,2
7.651906845715445,29.295842374174182,43.65675559737634,1.0,-2.241056689934626,6.367091552995679,2.0,0
31.708151721521553,38.935411539788866,71.25906969144626,1.0,1.4848024292888855,51.90829767826376,0.0,1
14.13572524994469,24.527816647558314,46.30727486532235,1.0,1.598064408389404,6.216892469477168,2.0,0
8.408920353905724,27.2436464067125,42.92042038593925,1.0,2.1698449368770514,0.5845482996902778,2.0,0
39.28588187908907,40.993601193405446,71.98908094031952,0.0,6.920369887384355,0.3745099004444582,2.0,1
10.406059074521686,27.435072049518087,58.70969027054991,1.0,-0.615777724094595,0.9151938219454628,2.0,0
62.59397014100322,59.533705157797996,79.04093676113462,1.0,15.058854562627872,45.65158490634106,0.0,2
34.06506458505117,38.51401676765531,65.01182158125685,1.0,5.298276043665316,14.767581446083973,1.0,1
64.92695698116188,47.776129016382384,78.9577731828678,0.0,16.90832736994549,51.240726008540236,1.0,2
20.71979151073557,25.498242640854713,40.216221672703924,1.0,-0.5022044811667528,2.198464416774594,1.0,0
17.177497597065596,22.757920709571422,41.84899034074133,1.0,-3.368378846347744,8.09497850559988,1.0,0
9.77313016149455,21.3691494186552,58.65109756838624,1.0,1.1967760520732083,1.3035978038678508,2.0,0
36.687618050883394,36.846736081689386,59.57417527660783,1.0,6.073439009555733,36.469660781497694,2.0,1
31.1306527704486,39.80942248464469,67.88710449435973,0.0,1.166991696344498,18.862871436631107,2.0,1
9.984583118867096,29.952735978306166,57.721722176270326,1.0,-1.715008486625791,0.6101736391616497,2.0,0
9.966459025098708,27.3801556164664,44.36415069104345,0.0,0.08755543622684347,3.1244580392341956,2.0,0
9.181281382536639,24.741652919171823,52.96466937615692,1.0,-0.6484427686609954,2.512182805139969,2.0,0
41.692454135425336,40.75815944517015,52.83495818362272,1.0,6.844750215257503,7.428258721636041,2.0,1
12.24508213801154,26.58630398092827,43.37620011569128,1.0,1.5162596025304702,0.8524703679827335,2.0,0
17.125161382790914,24.817931790335457,50.49471275322864,1.0,-0.2463629775480478,2.2908874616713844,2.0,0
11.298025747453494,29.07456336740212,57.95870586887474,1.0,1.4382244597015088,5.279248998737106,2.0,0
34.86630955650267,33.01552339898856,67.38323516131418,1.0,7.203414783792688,9.070761245645402,0.0,1
7.918547859421159,31.31269182912935,51.10267573506377,1.0,1.1512190168311958,0.9411354754984094,1.0,0
44.4575697262583,33.569873222750886,60.36725385414466,0.0,4.125682251667154,0.7383139469347427,1.0,1
10.876343816505674,21.711129728982904,54.604983790591426,1.0,-1.6228715530696993,3.182475571843538,2.0,0
12.854098661950257,22.903180163786356,41.96015369561482,1.0,0.7960246845150718,3.4326436013952257,1.0,0
25.098480430230385,33.120996395850746,60.22466259334586,1.0,5.445374468416226,3.2405482140418225,1.0,1
14.113638227850046,26.86458372043161,48.52796713603245,1.0,-0.45816705366252297,0.18701976330246564,2.0,0
10.965555213385338,23.566853692503408,54.759018947951844,1.0,0.801311793562012,0.07014572135905332,2.0,0
67.46982885295924,56.06964332628543,69.70308485576334,1.0,26.47257824806554,119.43531589297079,0.0,2
47.83473263187739,39.89471999206399,70.2003687265696,1.0,6.395250329241875,10.733904327270084,1.0,1
94.39004954998117,64.44043749420696,74.00990721455778,0.0,6.017715380292151,69.9506795822368,0.0,2
15.487757612387618,24.566212518438732,40.13964523760696,1.0,-1.680626878404584,1.9342010874441848,1.0,0
7.463212825550793,27.178703528764864,46.277561530300545,1.0,-1.65477657184964,1.465448044718812,2.0,0
25.91553071410801,36.81990499971821,51.836117275144034,1.0,7.197014277731557,24.85762575381589,1.0,1
91.68589390248064,58.75130505374071,77.62222318450735,0.0,23.081122459079403,103.23955634837418,1.0,2
26.054596422618136,34.26669027052038,50.19325668350872,1.0,5.765672969661631,0.08804809472942059,2.0,1
90.69346425830537,67.48439549166136,86.885606614565,0.0,4.300317254836617,26.305664295640934,0.0,2
37.24784200439996,33.23384064353202,61.390063437541556,1.0,6.362311396654085,8.94695405655567,2.0,1
45.53424719767518,35.74121952378524,71.45034143920817,1.0,6.345456943321427,12.99795071176177,2.0,1
9.147823937444421,23.121893491544615,41.69376683750614,1.0,-0.5819474533611783,4.081909501495339,2.0,0
17.79036700044056,21.350964684943243,44.59987507926481,1.0,-1.0770971754273964,0.2641029846692384,2.0,0
15.100222160986297,30.891332030678658,45.8670684288202,1.0,-0.8283918781689128,1.9109264384034512,1.0,0
94.62445944603687,43.818358515105466,87.49303277995361,0.0,28.355988012566023,77.45768034879993,0.0,2
11.526150763344594,20.931792016059262,55.99566728891567,1.0,-1.2215972811694855,2.3418734960578518,2.0,0
20.080469212506994,20.68465665381505,43.45047753892724,1.0,-1.2261122016215098,1.8226616810956004,2.0,0
47.10110092583541,38.06683354063739,70.09387368922977,0.0,7.119367191273028,9.617813273208398,1.0,1
13.821600989808239,25.63985921789524,53.26054407446295,1.0,0.5736499735388031,0.3280271854944651,2.0,0
12.727198101052146,25.669920260078165,52.50660339908908,1.0,-1.8767987049505168,0.5452870720368264,2.0,0
76.9836981586756,51.757938146808215,65.2272309527673,0.0,16.86949891854764,72.60168046719133,1.0,2
14.703231179371501,24.82134560785189,48.01408333668933,1.0,-0.06768433548607748,0.7932076501864098,2.0,0
32.51686704378984,35.48330297761293,71.71163353030921,0.0,2.608438631901117,21.44157836294311,0.0,1
15.819314242241823,20.099839306726302,41.79519001120314,1.0,2.3403832942963962,1.9186037827460884,1.0,0
70.81905168315015,49.48449988052951,77.00104963444238,0.0,15.117478683579034,93.14188233355013,0.0,2
26.91400716302162,38.12073030385117,59.15757863155847,0.0,4.516506078555068,0.23173950592201079,2.0,1
70.63528022720165,66.2181049498011,73.75486137404152,0.0,26.721804905249687,93.92869374643244,0.0,2
19.85083660981521,26.0654614149254,52.75548283691183,1.0,-1.7863747589605903,3.778180413367269,2.0,0
20.80486008982374,31.95601205152697,54.124923251105244,1.0,0.44619307967672484,8.63592252209019,2.0,0
66.23318644727681,52.35262837390766,75.21348896006779,0.0,17.43453693885149,46.219231609752825,0.0,2
29.86497190811723,36.06405625989245,63.48566286440591,1.0,2.67547591054576,21.630896686557737,2.0,1
82.33921718551599,66.03418506748797,67.90929206436584,0.0,8.224745765519678,92.07022890888317,0.0,2
13.645701749799947,20.42373625928287,56.962184700312605,1.0,3.14733221182012,1.2340168549616193,2.0,0
16.73671208669921,25.44801945435338,41.140538280072384,1.0,-0.47262289186338513,2.442232108670039,2.0,0
84.06930124700514,52.53847106183866,72.51464471232576,0.0,22.975642119398803,99.9475835793398,0.0,2
79.68542972089651,61.03170733713543,82.77747142827438,0.0,14.697070438394222,42.40073717691928,0.0,2
13.146091919705427,31.966188246835404,51.552261612742676,1.0,-0.5384375777691206,3.3111220585303394,2.0,0
6.2896765778472865,24.454069081251532,42.56651724377529,1.0,0.11000511716720501,2.24451432498045,2.0,0
17.544247583828067,28.015039985643526,40.515391975287024,1.0,1.2557317294970767,3.1098346511143284,2.0,0
73.07872273084202,44.987293708817184,74.02623141606928,1.0,12.3776539412032,85.89161761974654,0.0,2
28.064215203640124,34.19055337208645,61.74724770103599,1.0,6.70266124079868,7.811098751305558,1.0,1
14.783061023889942,28.985916043559676,40.78783667385639,1.0,1.2259593056074893,6.7731997700068876,1.0,0
41.38032358552832,38.26962638232972,70.8951592404459,1.0,6.695018052585183,11.676222332634127,2.0,1
93.26704842369318,67.92467252227155,67.79270881361904,0.0,17.101135687525254,96.96718892866949,0.0,2
16.63196145070667,31.137003683912596,45.82921826987588,1.0,0.8339121774687632,2.3592847942852555,2.0,0
40.128903366478106,36.499156070652624,59.621406562326335,1.0,7.39340240917068,0.8164775250044769,2.0,1
13.185879975713352,25.796476370706678,47.632329982182696,1.0,1.2797479596197876,6.562901254138078,2.0,0
77.57748743877217,60.08566476045009,66.46425666454317,0.0,16.967811827305983,29.68148125276352,1.0,2
18.85202693369071,27.35950021864855,50.93354529794624,1.0,-0.08692581264407635,2.0938930544397976,1.0,0
16.568488135270123,24.854328626886435,56.3924973909529,1.0,-1.6884824517008774,0.8363728595033286,2.0,0
29.25879604457266,33.544970306171344,51.88360293932877,1.0,0.2921212907056745,19.57000959467982,1.0,1
16.814168511341848,24.82264639868876,46.86053425180049,1.0,2.9152933216832957,2.821021282369893,2.0,0
71.99881250532545,44.453825699746254,69.50867163918068,0.0,6.556668001867182,56.374533595041285,0.0,2
15.769129737044503,22.959243619736295,51.442459274444126,1.0,-1.1807611049804945,0.5654623749862052,2.0,0
16.359617575435276,20.798776734970673,48.757997742858244,1.0,0.5395212715294816,2.58050777494916,1.0,0
14.917660511024048,20.861309674718157,59.195820408097006,1.0,-1.2745813822165444,6.199793079412308,2.0,0
66.26643288719983,49.19217196116503,77.38940907276496,1.0,15.067337730519558,87.01869783109018,0.0,2
11.783045965792216,23.244719436614307,40.480100896897774,1.0,1.7728350638383406,0.46537408749669507,2.0,0
9.410198368331972,20.210628360399546,51.69655622611582,1.0,-1.3200179725361458,4.661750854502847,2.0,0
63.20832833324054,47.02774762964583,65.2469965813536,0.0,22.27597219276204,44.35181270737475,0.0,2
8.71031609370609,27.093563639102197,53.58325136639125,1.0,3.096330202278616,1.7148569463829784,2.0,0
71.58556051858977,49.17029362885091,84.46277870721615,0.0,21.476992425603868,105.39204837186239,0.0,2
25.31413023779984,41.40739809413706,66.72379104401563,1.0,1.477503250194749,12.318171385317385,2.0,1
35.03465526375497,39.47254730557913,69.66532653044754,1.0,9.825741038765917,18.930694180199435,2.0,1
15.044165429673182,24.565040090090747,48.06421266367646,1.0,-0.8883612672192218,0.47662344938841794,2.0,0
7.001768409132399,31.55322020303847,41.63149851222732,1.0,-2.1580801515853043,4.735524991953027,2.0,0
32.22924221066792,38.265899086904874,56.01113909189773,1.0,12.999106686334402,0.7604746732092249,1.0,1
75.46841758867231,58.915727961126215,78.07234345349465,0.0,11.10695928230482,102.34699518055115,1.0,2
34.054552229447495,39.20406104069344,51.031743684365544,1.0,5.929146061744631,18.092174687608605,2.0,1
8.668957467446333,27.614989010603644,56.65859431148456,1.0,0.9346310218336427,0.5969037856105133,2.0,0
35.63830369580124,39.50454550240164,53.357424109879666,1.0,8.180611571234808,11.336549541930141,2.0,1
27.768808189816255,38.275083139249475,74.62164850862106,1.0,7.876428000912153,18.219559770700386,2.0,1
9.846617867795402,26.51629500749196,58.810079057588055,1.0,-1.0814551627048443,1.9006921056498713,2.0,0
14.482318095290424,22.784218163705727,44.56662504737221,1.0,-1.073269478227843,9.160328761251773,2.0,0
20.63754547901693,31.5689409978813,47.862942589880305,1.0,-0.38706827341674227,1.3345087436468352,1.0,0
21.340239585006543,27.609705659548844,46.12865645406743,1.0,0.0029652671337161637,3.924664342215494,2.0,0
7.201753661807671,23.63517086768515,58.41382801557239,1.0,1.8460543574767052,2.9492687452983297,1.0,0
45.90794165022743,40.88297149230256,65.77664445419241,0.0,8.816726496118672,10.220755962911804,2.0,1
14.492872245508686,30.915521833239108,53.78175307496459,0.0,-0.8211112841503094,2.8564590288812477,2.0,0
16.56388012133195,28.855008720248307,51.37910966563702,1.0,-1.280899362690084,2.7184777779037272,1.0,0
93.53852013348703,66.2312228810784,77.93373553001089,0.0,23.840024697680526,51.47916411686107,0.0,2
15.913515507535521,22.252668868307026,41.73413135191281,1.0,0.9733228888557586,0.5475823778862644,2.0,0
12.40491635181986,29.49869843109644,48.58298983916644,1.0,-0.6045988020550832,4.429267210789171,2.0,0
19.67275823988509,28.26662362460109,55.015392984221116,1.0,0.044145887516328274,3.9655845774366627,2.0,0
6.994239212360706,23.222405072811288,55.504690777981125,1.0,0.371220821460157,3.5501381394658926,2.0,0
9.567515109544082,20.78833830745239,54.99719862576538,0.0,-1.214587253650926,2.095322330705437,2.0,0
10.276153301700754,27.188535045804578,41.3807387382275,1.0,1.9499810583932011,1.35862417902842,2.0,0
20.196173911866282,20.922344903313963,51.432152989658874,1.0,0.7580057214710227,2.155954557926489,2.0,0
7.598605366133644,22.4157452938692,48.84066841862247,1.0,0.1135103109200792,3.1416913762044256,2.0,0
30.918865728359243,41.08451736789415,54.81880026031781,1.0,11.233486648079666,35.16647044236444,2.0,1
11.598888745510873,27.81377101858009,51.478997321380206,1.0,1.431127653234942,0.5322423014276763,2.0,0
46.8626585547064,38.39091081567924,58.55237514398564,1.0,5.068112280489358,11.27770467344411,2.0,1
19.8148300331912,28.664851258432844,46.237588715274505,1.0,-0.15929113505962972,1.5654969670601389,2.0,0
13.481098608673053,31.336835105396958,56.479953037599564,1.0,0.14573368062937164,2.795687106313823,2.0,0
15.63961856714202,29.938991029246623,44.67625666186128,1.0,-0.8806729059302214,4.174199519024905,2.0,0
26.179217646652525,39.71910006423054,63.46189941656765,0.0,6.230198578178871,5.2161539984215,2.0,1
47.939765916717704,35.24417079816032,67.08631858552626,1.0,3.015684846204914,11.273940970664883,1.0,1
6.973234888617576,26.328795465472115,44.4535215824617,1.0,1.6412693212822131,4.677284204340386,2.0,0
70.45968146802358,46.669843985924075,65.18521029738147,0.0,20.95870516329603,77.45764522121156,0.0,2
30.67907938750218,34.02890802707213,69.09010897907488,1.0,4.395683231826588,23.145298697665048,1.0,1
63.81403639492098,63.62334594101986,81.43969524548297,0.0,24.099859243895295,114.39825886000675,0.0,2
40.53244111656482,41.639429146189954,63.53586191524612,0.0,5.516143699016565,0.05047192360654319,2.0,1
34.382513534248815,40.42535019561026,56.833239578116576,0.0,5.509098987427526,1.1113815536550573,2.0,1
11.812972034880541,27.29302546703267,53.50912090672851,1.0,0.12366264995226368,0.8632732599871316,2.0,0
18.078183191902777,21.76306308300525,41.82651468667114,1.0,-1.7012567179166858,5.434548077600773,1.0,0
11.618025438713602,25.37208110492502,40.984418290815235,1.0,-1.0041553704502357,1.3538480359744407,1.0,0
21.866686251996317,22.15227212347089,59.43690602650969,1.0,-0.6769542965154969,1.1128863171675594,2.0,0
85.42082636007129,43.440785223350616,66.51426806977895,0.0,13.594079986119759,91.85919547829316,1.0,2
17.958847291202467,25.821135919754482,44.732195654150146,1.0,-1.1625674445243597,24.078534707343064,2.0,0
27.18110009341433,36.49530189904393,62.916360018215066,0.0,2.4930572693625006,1.930818817160835,2.0,1
37.517445425039604,36.57437249948628,71.30888650968713,0.0,6.394654920532487,19.13310078918225,1.0,1
46.92486168157919,40.901474075996454,53.51769577063936,1.0,7.948814595338657,8.451510077561348,2.0,1
75.7998530041261,51.42457806103127,76.09431257868901,1.0,2.579114708517885,83.45020995724244,0.0,2
13.707772653815466,26.812727815172657,57.35959253461806,1.0,-1.8547174298885234,3.891937979371017,2.0,0
38.35750511490182,36.5895295335578,52.6395678226107,1.0,11.442758483100825,6.315116927075856,1.0,1
14.336853300004048,29.64324242529842,58.935124893844815,1.0,-1.6711220373496314,0.04522273785816097,2.0,0
8.035259254923671,20.231931571011213,54.845427845045734,1.0,1.060847060706415,1.419385383448537,2.0,0
15.98059310263722,25.866773981509418,47.09457113460425,1.0,0.2085430304296884,15.108579575333836,2.0,0
7.36905325923801,28.969332879160326,45.37595230060396,1.0,1.0226151132227126,0.5189654284076763,2.0,0
54.92401219684583,61.5642527685614,74.12130691016628,0.0,10.006532479419327,36.84875815496451,1.0,2
87.18420334182687,51.926653468832654,74.8173524154865,0.0,7.3678330294557455,59.243641775141406,0.0,2
40.52830865220851,35.46045526302401,60.216442055245906,1.0,4.834766277033674,5.568581700144994,2.0,1
18.32210121659943,30.147252355878884,59.746723171590915,1.0,-0.5367419001619004,2.450246904463457,2.0,0
9.082475519229282,26.986384959129367,52.64792512931017,1.0,0.20948053434802621,4.4775092998372985,2.0,0
88.59002557962935,51.55353293242598,81.4711064525321,0.0,13.167589979606515,85.78513309640019,0.0,2
14.832577589108954,31.953892081985344,55.95996070438448,1.0,-1.0558744881233166,1.2227479386280642,2.0,0
17.67247106113361,24.16732446836609,50.11863308639117,1.0,-0.4328626757311518,5.163222647234212,1.0,0
9.384090652364439,25.80892483652242,43.61570301124759,1.0,0.3050391899981516,0.9801574623862412,2.0,0
38.06879183811229,40.07064123859198,50.01385461463135,1.0,5.432458994523239,25.441731675782716,2.0,1
5.878589259866331,30.981080820884518,48.626034126820294,1.0,-1.4976612793150774,0.5793945999150434,2.0,0
6.267360942556104,21.580745281454742,40.49943324234099,1.0,-0.02684246551252508,0.6200874084243283,2.0,0
64.00936231914912,50.93895349049212,80.10026060776904,0.0,31.327220365631767,32.45856573002067,0.0,2
20.928282991528068,22.00828438684137,49.61119881672536,1.0,0.45211060467167613,1.5281882436168504,2.0,0
78.8200446790049,50.17500447697425,76.39739729564663,0.0,17.576882683635485,79.95473768630379,1.0,2
69.09317731627313,48.92985877834839,80.91375322392328,0.0,23.793441352759103,89.44098943997,0.0,2
21.083962856271757,23.7875281251602,57.59202993423524,1.0,0.8726726559425438,2.5016785083219126,1.0,0
44.8322497751176,34.34335707289926,51.63137972812515,1.0,6.463945629709875,7.575643450969595,1.0,1
19.91476900747668,25.795626465024263,56.531021483829285,1.0,-2.6908816697879443,2.4813303242689333,2.0,0
15.21895519963455,22.08931202400901,58.54247563728899,1.0,-1.902205207462969,0.35716515094395196,2.0,0
5.584604858958713,25.272859876333428,49.3613810846858,1.0,-1.1506011831004508,2.932681329397133,1.0,0
19.54683995780686,27.14158009886818,53.899062386860955,1.0,-1.9813384237592415,6.068173430371621,2.0,0
21.72254172947803,20.852418668528024,42.85628608945735,1.0,0.5720292518704273,2.8066009030486394,1.0,0
12.945825691247785,31.289414246037296,47.86243596414158,1.0,0.6204243863575207,5.861945963221967,2.0,0
13.600107541035921,26.63001160889467,52.91144362854856,1.0,0.19405201005572775,5.196300548651784,1.0,0
11.100118230099543,28.854434222738362,47.6190369004695,1.0,0.5468422160331855,4.661326279259678,2.0,0
36.10792735398331,40.8739377069793,64.22616437234186,1.0,5.6384968253300265,14.082211458275907,2.0,1
46.3896500120851,41.24392801225869,55.48320460077298,0.0,1.7206082657287647,1.9061464630620963,2.0,1
39.817552218997584,35.731308282124374,54.90348374334679,0.0,1.4186376139927326,19.915141812002513,1.0,1
41.14283581695696,41.93613141809338,60.47352105200319,1.0,6.468272215370558,4.240256618430957,1.0,1
8.943100633971582,24.420166565532217,47.759455087957726,1.0,2.9754504786540292,3.189343049125176,1.0,0
17.844369355231827,24.415289015625014,45.54929359449908,1.0,2.9133683921344495,0.7497074335143586,2.0,0
15.051682407663797,24.322807025605137,48.308860011841794,1.0,1.495898351488309,2.895600834768147,2.0,0
32.583815464362885,37.780301693081974,59.913480689112106,1.0,10.269794763196984,1.3341083483063754,2.0,1
9.871201286180835,29.865237927202706,52.596413088694156,1.0,0.5069333312175379,7.781405882720737,2.0,0
86.09823613616803,67.64165057561267,67.30734848144543,0.0,24.8509855664174,76.1061650061894,0.0,2
33.52849654353149,36.82819746895815,67.07403983855161,1.0,10.675152035642345,6.253987026997359,2.0,1
15.508180087784229,31.3007085394271,58.367950841631156,0.0,0.7811341805380668,0.0209457125118727,2.0,0
61.410155128883375,60.87176026693463,80.78342864666382,0.0,10.750845249851766,25.61269708164658,0.0,2
39.57713364953505,40.62488538816049,63.94261904766678,0.0,7.5262899931479135,3.0648075547603986,2.0,1
34.475072637603375,33.93147753234211,67.35049864561414,0.0,7.711754100359579,9.699034743654629,2.0,1
7.381923988029693,20.28313957574635,40.45129023410694,1.0,2.6114122298954863,2.340607614679991,2.0,0
27.8634746601628,33.326270857633155,67.1136108257831,1.0,4.8027883822707205,32.555102951651136,2.0,1
6.105877080749751,26.98907189848696,49.16647189175151,1.0,1.2851061322056876,1.4242929370868134,2.0,0
84.23370968923665,43.23055683968067,85.3562363196892,0.0,10.0895917051592,100.51490622211726,0.0,2
5.206053168946186,26.96838901465142,45.750223987675184,0.0,0.6919081264767468,1.600733188524436,2.0,0
30.405662103717074,35.92120793248751,55.64945961637959,1.0,8.56937943944636,25.841542274235692,2.0,1
14.045929249510365,23.46086525382495,58.226783801572616,1.0,0.9117605081025129,0.7554148152001852,2.0,0
63.25697004741642,43.80600924991386,65.55873217819494,0.0,18.22778236926381,106.99772643970032,0.0,2
59.25009267044911,56.547023844317025,78.43244113696045,0.0,12.315462629889247,91.66869819631754,0.0,2
21.37086406560291,25.25193593777844,41.363732395309256,1.0,-1.2387491598570715,5.581907752650443,2.0,0
9.658938751682502,24.388168979136456,43.43658920715317,1.0,-3.5676474898099926,0.8127411678626348,1.0,0
19.146281025281613,28.724681139384682,57.15061215503847,1.0,0.13808270596798797,4.168635494276542,2.0,0
43.790274360922155,37.41413572641739,74.63851201685098,1.0,1.244261967810428,4.134935290457559,2.0,1
27.445033890197884,34.45047319106545,63.89258851800753,1.0,6.388265030445901,7.061754822969157,2.0,1
71.81191534223038,60.12903001535466,85.15739523732809,0.0,28.042462523900547,66.19390810471276,0.0,2
66.39968061961994,64.24505652005884,70.40891549986607,0.0,25.70987828857301,84.76661083720495,0.0,2
36.281003365785544,35.903033129699416,74.47883099378721,1.0,4.014194460247717,12.06435082922858,1.0,1
46.44740511381601,36.41178050743967,50.4616476223309,0.0,10.116836740339725,2.4997797773315686,1.0,1
11.051535537071448,21.94680086938975,58.77059566946261,1.0,-0.08808064065694308,0.4206923034233165,1.0,0
8.620390745651482,25.06441112153167,41.70112770978482,1.0,-1.4088623110230103,6.7644213435951,1.0,0
63.828301760930685,67.6368849751108,84.84959710576405,0.0,17.500916039373546,79.60885255129061,0.0,2
30.22390640861291,33.8887767181352,53.43880278687849,1.0,11.21371428550575,2.9969024151925945,2.0,1
32.5463799443619,40.967545461872106,69.5747089316434,1.0,8.27085820838346,0.7810610685345476,1.0,1
12.810595062901772,23.766505960669647,47.69031627412533,1.0,-0.6870377745218348,0.5626446519601507,1.0,0
11.470595989101861,20.22973841596204,43.85352792973401,1.0,-1.3732155436354387,0.7307604463776524,2.0,0
44.187876582458955,40.000309290995254,71.7212687950291,1.0,4.759406223572009,5.355837822734898,1.0,1
44.31147591408681,39.86009305839774,54.74991273005711,0.0,6.289131369342107,21.373063129500913,2.0,1
7.3676252352775835,20.867797703095263,50.822276497576894,1.0,0.20278551148107882,3.6806037701958303,2.0,0
10.745917666476108,20.782455095125904,54.62972719406231,1.0,3.157946144187468,4.389108910586868,2.0,0
35.485299533754365,33.4395746098867,65.44351251562495,0.0,3.552636824494283,13.73848681592045,2.0,1
10.959988499712148,26.92639864081461,52.14270561767154,1.0,-0.9073601458922622,6.723021104787946,2.0,0
13.766550270840462,21.874478824239464,56.52929218984366,1.0,0.6179294985927143,3.407804668307013,2.0,0
86.87766611674147,46.059120719150606,73.52918394566176,0.0,21.02181981706717,85.59791914198027,0.0,2
61.618034118362374,66.82956492277214,75.32103726949265,0.0,15.874741430007306,38.39983750167247,0.0,2
30.558438197369824,36.86835928327244,71.27014894918622,1.0,1.2927029259203264,12.309500047377295,2.0,1
12.203550312028968,27.636491378400493,59.69308955181679,1.0,-0.9435567918054164,0.8816110075673957,2.0,0
6.596312168420113,25.14733200116173,51.83433937784801,1.0,-1.2621742711935127,6.624966465245038,2.0,0
30.847805260134507,34.34180773891423,70.95439801714346,1.0,8.983243260270715,6.445213747919799,2.0,1
90.27423224006981,44.59577480065284,80.80303485838519,0.0,16.085423794493856,52.53436892606583,0.0,2
12.482592393573222,22.695387342126224,44.15081872411407,1.0,-2.857416681015958,2.2798504765707994,2.0,0
21.943846515500606,29.111510083021685,43.09041659981038,1.0,1.0491963703435532,8.497797690426172,2.0,0
66.27500894293303,49.23804643965381,73.75537006749013,0.0,12.017138719285882,50.75401959258889,1.0,2
33.06493350794243,40.54334248838721,67.43747590092737,1.0,12.574914765164962,13.7881310943356,2.0,1
52.49692008360998,53.204116622538876,86.03484038682764,0.0,15.682577467731797,98.08582787084967,0.0,2
13.948845235913925,28.864677808718795,46.556763977000685,1.0,1.1535474831634132,3.7776917404408983,1.0,0
13.845230915364485,27.123929494502462,54.57878400210315,1.0,1.2439856588742937,0.5845550563023505,1.0,0
13.916693622694329,28.66571882547087,49.548323789607075,1.0,1.1017151175018267,4.539911611153529,2.0,0
18.257884279579606,23.386244896318402,51.35948594632161,1.0,0.48193720613608204,3.5927233374327683,2.0,0
16.198032183514893,31.417888522121444,54.87810374604304,0.0,2.019857493915444,1.2979710270403002,2.0,0
42.198153881450445,33.55031562942918,55.02708721015115,1.0,10.015558525743817,3.3275879326261903,1.0,1
13.44503660060588,23.11491739130059,58.707889793355974,1.0,2.0389463990472088,1.275611691594126,2.0,0
29.87557497838301,34.91565693863922,72.31640488338701,1.0,9.836621294101125,9.038922377601764,1.0,1
30.38375269163465,34.757402416719486,71.31276590723013,1.0,7.9268347700130946,29.608626974455916,1.0,1
10.037238047751831,30.72913163039901,47.25965680807743,1.0,1.3413491617514022,4.017695582684601,2.0,0
19.91240919382284,30.00973516400811,41.09130816565398,1.0,-1.0202602145219264,0.5488703518942267,1.0,0
29.89709756889903,37.060848673911565,56.788337072712565,0.0,4.255670740971729,23.00029002692586,1.0,1
6.23697110819129,30.70762997767583,59.545598651328945,1.0,1.2335257063436305,0.5536247741976551,2.0,0
61.34892387297604,62.05501932315207,80.74744743056482,0.0,23.143933151437064,32.57195024731861,0.0,2
15.899509759050055,27.773809351886342,50.11393487562748,1.0,0.18626352711692018,0.8747161079022134,2.0,0
6.117046870281991,27.888241786041544,50.97176830109377,1.0,-1.5348798350633768,2.602230147798572,2.0,0
19.802808655733408,27.541117479375046,58.410717702051095,1.0,2.0495841177816576,2.9210871236962817,2.0,0
11.064806553791017,26.54032302676326,40.69823105312447,1.0,-2.1985107860131428,1.7440399477635071,2.0,0
14.309070394613515,28.56863268053752,50.69118438312617,1.0,1.4188322348319589,3.845083372604365,2.0,0
18.554021218252412,22.712347973791996,50.23414894229401,1.0,-2.259787887058673,0.5233248355619983,2.0,0
11.695694896120694,22.451796600787645,58.65735380253266,1.0,-4.83152453397857,0.7029505702455393,2.0,0
7.8495266769014,26.03758967061848,49.46871318750043,1.0,1.8652036925189455,0.9891947646525165,2.0,0
87.4679599176116,59.05817229876996,66.21851224595973,0.0,9.54657657344757,99.33803541518914,1.0,2
9.907793525101898,21.611298210827307,44.62161705748993,1.0,-1.4674619247337468,1.0154623037460895,2.0,0
19.524546587282845,21.9139071504963,50.5009868049077,1.0,1.57507356233014,0.4136961422729605,2.0,0
11.672390458913643,20.1813282105737,47.11915546941281,1.0,-2.757777934908106,0.7637093107404025,2.0,0
38.36726288283861,35.38925902497884,73.15568625514575,1.0,7.600879274449428,6.506069848688428,2.0,1
26.970276463080378,36.601345985152605,59.46765893913443,1.0,8.176770526446965,12.246547258199342,2.0,1
14.559045869924466,29.14763149401152,43.36040104385357,0.0,-0.6850464225348696,1.9077195250335244,2.0,0
20.42863005674358,28.948805392774787,58.943229258004955,1.0,-0.20712350199222263,3.7968747374669682,2.0,0
14.86146553324279,27.956566301641068,46.41709085499687,1.0,2.098841925106739,6.780049309903543,2.0,0
18.982169581784134,31.055690146555705,57.82280183587019,1.0,-0.8329207453579941,1.1124944795139755,2.0,0
5.435915118709406,26.708711419359226,51.4181410750429,1.0,1.094659405551293,4.0429452127558285,2.0,0
42.57327856660608,35.51988794508688,50.85488624802972,1.0,2.5524611933496595,11.252963956947402,1.0,1
91.9115653798481,67.96735632576109,76.67781217228148,0.0,18.665283017357023,84.43895517693207,1.0,2
6.663180731067025,30.29812463788597,48.36289576325599,1.0,1.4458881345833565,5.2855576843854415,2.0,0
74.07577316171178,51.07149860423631,78.99247758601342,0.0,20.51605123476975,101.65080710818272,0.0,2
38.184128023793605,39.475514895429896,60.59225446651243,1.0,4.803894652550432,7.943602476849999,2.0,1
29.337775419246615,39.62844787845101,63.82594609974003,1.0,7.858047886304096,16.783202496964734,0.0,1
12.6873834808184,28.62487541424236,51.1948932266735,1.0,-1.3162260332334474,5.803135730451797,2.0,0
38.830092367738196,34.95081940189787,62.85517936193216,0.0,6.341273050440832,1.8639368714823235,2.0,1
21.470923539856756,23.71745431050919,55.663228618473944,1.0,-1.1002231000174192,0.31339784808104965,2.0,0
20.319686178346814,23.32177169349567,41.198866017226166,1.0,-0.9176394592568773,4.240440632103461,2.0,0
43.35820876022139,35.31305609000189,66.34595974541566,0.0,5.845256228353266,13.250439655779306,2.0,1
34.29804244649852,38.728900397190515,73.68807451378095,1.0,8.823199654355793,5.489613124292214,1.0,1
75.51248711432402,43.10934197752449,75.00352570835841,0.0,22.709332124965112,77.00490492794032,1.0,2
12.392064756263686,22.36310845344114,42.614346471795145,1.0,-0.3224322571184267,2.226969212363731,2.0,0
14.0602823713727,20.269110669944663,46.52441013961863,1.0,-0.9388740265269031,3.8022448439607794,2.0,0
14.830762396934958,26.46442157543257,57.723635442586904,1.0,2.0521190257329014,0.8340467785073674,1.0,0
11.734935757357341,24.653913079003175,55.37494262725026,1.0,2.8468309389880586,2.4430030567716723,2.0,0
40.21313928436782,40.465708489506795,69.26821538266415,0.0,7.141009950947648,10.446712377301555,1.0,1
8.06978086716467,25.986747974431303,56.17652646983368,1.0,1.4955890346804621,2.963520306911428,2.0,0
46.46987421479383,39.96754350020636,68.46655133904562,1.0,4.976086456019822,19.639099327100915,2.0,1
40.94879436637429,35.94389698860071,74.94711770571152,1.0,11.033052272699429,1.8693424464533515,2.0,1
15.754572183277118,28.45845212052058,51.1109913977124,1.0,2.9000396215715356,1.4455708796650923,2.0,0
7.591072226617096,27.162222522653114,53.22685357889449,1.0,1.8651424171543873,3.199399357600402,1.0,0
16.74594154774192,23.111561106389285,56.41962034598282,1.0,-3.335361251905795,2.6735828545058875,2.0,0
6.997946195210783,29.286555868761877,45.88134924353555,1.0,-0.7263875278962453,0.7741688622727434,2.0,0
7.998578770605796,22.003437064966384,58.44868567312249,1.0,-0.4590209315361133,3.8642913801595213,2.0,0
31.368738864041568,41.119982578863365,62.9253680971679,1.0,4.27407417479462,17.846819264520427,1.0,1
6.080491954862402,29.133458444517895,44.73866649813297,1.0,-2.1072254158912602,5.258671906943964,2.0,0
37.69027030760968,35.680650101574926,56.446606341121125,1.0,7.075002213590764,3.1322426214745827,2.0,1
15.778096952693392,24.61226046228962,46.746612176915306,1.0,0.03350885897791201,6.661740192114898,2.0,0
13.417490959237563,27.00527336616934,46.9766381491726,1.0,-2.2217185869325737,6.092119406491415,1.0,0
35.81994169625455,34.52568144296516,55.127343843090244,1.0,7.58231595557999,14.187545659940222,2.0,1
13.856285613624717,22.539630782838334,50.03890810263684,1.0,-0.6832005843746107,2.528506579684863,2.0,0
16.762218360775783,20.751838441464255,49.158579888680556,1.0,1.0732396451542279,5.142198547530929,2.0,0
9.188834565064816,31.417157724341987,53.434177184881214,1.0,0.5786249522725422,2.109942874363303,1.0,0
73.8157718898553,58.201761192477036,74.66294581689922,0.0,23.448541789572836,26.406325167754094,1.0,2
72.66284775581155,52.9590321566685,78.73386067508363,0.0,22.254178651909825,49.41344793631084,0.0,2
20.801995452213042,31.116591280761043,43.54307046445251,1.0,1.2138970473629787,6.231180761434073,2.0,0
9.906719405084349,26.927348350797573,42.869389140360404,1.0,0.5364920499466341,2.068366331746331,2.0,0
17.682762947512195,30.71027947945815,55.30726727716082,1.0,-0.024852614733780115,1.0851060679905076,2.0,0
37.365914671716624,40.63862694978571,71.04188023178722,0.0,7.760405552206965,4.877600253138485,2.0,1
19.31602169330705,23.712472614353384,58.00528222404141,1.0,2.801193006242026,5.84852559952105,1.0,0
17.536374068265253,22.105899528576288,51.38412926258855,1.0,-0.4589316472973881,1.7305371956784024,1.0,0
6.453645024525957,29.27505778251338,48.38198945834171,1.0,-2.6896145968685845,7.045068167985805,1.0,0
10.178434075947301,21.5371489563944,58.414793006852705,1.0,0.6757435856670521,1.0199253611659902,2.0,0
85.54875036484074,61.88355038585335,72.73583468597764,0.0,23.5438960747209,119.33576344699561,0.0,2
18.983133129693872,27.404798193413615,41.00833547204418,1.0,1.7506811820049462,3.0174374817938654,2.0,0
10.727228460108815,27.280780696609238,45.14125384378418,1.0,1.165397538532243,1.2863676875442667,2.0,0
12.465293445693714,29.04113506708363,47.664307318945035,1.0,0.737168266341603,11.186995011681125,1.0,0
17.94568073919703,20.577714031740243,45.41287883963531,1.0,-1.8978876136278227,2.4519469026217866,2.0,0
12.680050538532896,28.335691506724736,55.381222663194485,1.0,-2.206689608060277,3.568634329309516,2.0,0
28.48084894990526,39.960763898148265,63.38770972411244,0.0,1.9223961940100311,63.22465321534378,2.0,1
6.690503676908868,25.91437501336936,55.60425297071267,0.0,0.32758348131626125,6.364076243016902,2.0,0
8.558938496724075,20.280225155938233,52.27275805978768,1.0,-2.161472451787378,5.632188070072562,2.0,0
6.321488828404743,20.440656350009853,41.631974400096766,1.0,-1.8152414151212368,0.43815224452026236,2.0,0
29.909301270498972,36.45968037823666,70.23203160928583,1.0,8.356447769488728,36.80080738195857,2.0,1
91.79441846797693,46.42527571721071,70.5730307243277,0.0,22.241377745511073,101.52505192847816,1.0,2
12.095987053529242,26.959805449137576,43.00944542011995,1.0,1.6548263580804872,0.5624059580268714,1.0,0
26.05639074126907,41.04805238466222,50.556258798158275,0.0,5.738554822993724,3.86952456962908,2.0,1
33.20079314483219,37.87098565229604,58.46464929853934,1.0,8.162967460292759,16.45047969537046,1.0,1
56.514586130380806,43.344117333385,73.95913499256872,0.0,12.624317978467326,113.53857669788509,1.0,2
8.910150233890953,21.42203148317782,56.047920611072655,1.0,2.151464504028114,4.773323606095679,1.0,0
94.74947304231458,54.120074775915825,70.5622048839527,0.0,26.489040818755562,96.49953245625683,0.0,2
54.44407962643224,62.64679063982764,68.6255873294868,0.0,18.923125373240993,47.10442679809809,1.0,2
12.915166308251823,21.265684399479568,58.32841089064132,1.0,1.276686147570357,0.6597104196125296,2.0,0
33.2886967958011,37.68367888214339,58.586107082350246,0.0,7.64261946050716,11.456791934715067,2.0,1
5.653247932359525,25.798170359764022,44.48765959599591,1.0,-0.908519999903697,6.820200914605394,1.0,0
9.244356150606162,25.722801277615638,59.12583763026723,1.0,-2.633156845966065,0.8691044890546757,2.0,0
20.440520061433112,21.063205156155405,57.91125696263677,1.0,-0.35467325510378905,1.4812046299447503,1.0,0
16.77141457251428,23.876328149049126,46.64345044123465,1.0,-2.5765082225450944,5.925231285757097,2.0,0
27.627714424935295,34.37525228386455,59.083344547906606,1.0,4.082804001503952,1.1457982362637804,1.0,1
16.831561503592866,21.825251398667273,47.9031059494461,1.0,0.2572039763855864,0.7115678373805104,2.0,0
16.615216480923976,27.577027054620515,50.38625385284607,1.0,1.9647977541503012,2.7109826328448756,2.0,0
12.70591019071647,30.561880855057822,50.39223351606015,1.0,-4.011850692231211,3.552433163354313,2.0,0
47.96097258188104,33.32066815851125,58.55954415022971,1.0,2.0647899232646263,27.489193716388723,0.0,1
35.44045812008878,41.3181393073272,54.78232935505268,1.0,8.694733718568688,9.675519922190169,2.0,1
53.231775046341035,50.16592132120652,86.43705423348833,0.0,8.859347651186281,83.22535151324422,0.0,2
6.13308468953173,21.512024334367933,51.42398367925827,1.0,-0.6320352116556628,0.9568225317915957,2.0,0
25.81769318362827,38.064930637213784,62.60095019071893,0.0,9.074659298297792,9.880402638867285,1.0,1
6.225433711977447,26.631947213320977,49.15800590254143,1.0,0.2931048319249804,0.9215851483596853,2.0,0
5.529279409036693,21.21647477063791,43.1154652116034,1.0,1.7450640827453252,2.669032018313188,1.0,0
42.17459683873343,37.16547591478927,70.67966785613305,1.0,1.487554407156063,15.888241281005385,1.0,1
14.108169629270893,24.60599542319653,45.758906853519846,1.0,-3.1859213740509973,0.6653714528817741,2.0,0
18.498428217595034,31.461382487500416,52.10179037081077,1.0,-0.48935055666203936,4.687769983656042,2.0,0
25.442329179505485,37.12213161884351,72.22605294225403,1.0,3.3061740430793085,6.29127090149754,2.0,1
93.59759746953881,56.843895908447465,65.4775740636626,0.0,13.179543241245378,70.43110091389619,0.0,2
21.946862281381105,26.004813748522416,55.98315942209564,1.0,-0.062005807213755385,0.6351627095306873,2.0,0
19.82032063206743,20.75031554891415,51.9485848514684,1.0,1.0721184748334176,0.5712057094457543,2.0,0
6.038325317532683,24.610480555829604,40.83157919693188,1.0,-1.3937045107646373,4.247732765888237,2.0,0
41.86371051391846,36.901887925234206,64.48052973927767,0.0,2.1557550606659213,5.836036790470695,1.0,1
10.497316555963852,21.139015241860037,59.658937591094016,1.0,2.0521413552223473,0.13986055213156343,2.0,0
21.72941897638802,23.38974492772432,52.0862596448064,1.0,-0.5896353010521922,0.16696440236471766,1.0,0
11.768867791046036,30.919317726252704,54.573125684732055,1.0,-2.055039941046644,11.487113493036992,2.0,0
21.41897673960474,23.438234587125475,55.670030051758175,1.0,1.3974989503021422,8.62764988819714,2.0,0
21.872219536692377,31.13818517736742,40.76801754652689,1.0,0.5330072933852052,3.0784841982679163,2.0,0
19.36131487798709,24.843212028339096,40.86200217896648,1.0,-1.0757728510837072,0.11483840637769674,2.0,0
90.96391626539108,62.25098289205308,76.49288386638077,0.0,26.35194945708799,96.32487676313006,0.0,2
6.335834451635352,23.037218470155306,53.800937768188994,1.0,1.239604975995787,1.5720366863635231,2.0,0
38.62624513817953,37.24231340131342,65.41469595178116,0.0,9.202403553212058,43.06427683316572,2.0,1
9.84228840441695,29.463379576068878,40.13755924439299,1.0,-0.895342177097957,3.4932818690779,1.0,0
20.090971106891097,27.180289811573104,43.12633941417722,1.0,-1.2911352025527294,0.1274574970947021,2.0,0
19.200142425017045,27.05323233034638,45.99884139554045,1.0,-0.8177793670894828,0.05609491669445438,1.0,0
13.927777522340023,27.849592844334484,58.651334174119214,1.0,-2.6088077282592,3.3786913938489116,2.0,0
37.217572267554765,41.45173174398318,69.8336206965244,1.0,5.624140131691687,5.567170612566676,1.0,1
19.091563060561516,20.350037163743174,50.21140817457007,1.0,-0.43568087434168357,0.08010192849925094,2.0,0
5.987421406859391,27.93644733284497,56.514219031213344,0.0,1.8827186825623556,0.9852510859962158,2.0,0
7.79251856482688,28.121855586288746,45.606695051028254,1.0,0.6592290720127676,1.0933943008685452,2.0,0
12.13536438774408,20.67902787376059,50.89110649309351,1.0,-0.5508059013176224,10.312954669662272,2.0,0
29.32823589086275,35.359475193679195,70.74795077467397,1.0,-1.075392426622395,8.466769488310035,2.0,1
30.058489218103368,36.04068497125773,70.9234711202489,1.0,3.687002961543814,17.18612543504765,2.0,1
8.850428178364945,26.216945194865787,54.66000214445246,1.0,-1.4678825849829815,3.346630914671864,2.0,0
6.450906904894056,24.751645671949458,56.89331818180449,1.0,0.7294649900253324,1.241102047309742,2.0,0
5.62341425787023,22.32635681524271,57.090947864043606,1.0,-1.1690629878901755,7.231235990073978,2.0,0
21.792353843653085,20.40411684649357,55.028466350626054,1.0,-0.22070925722116042,2.7442199716440525,2.0,0
15.079978892308954,22.691521799420542,50.25749484610536,1.0,-0.30030188145055475,0.2339562649172301,2.0,0
45.43107819106722,33.62632662656678,74.95672440510171,1.0,3.0747034326391804,8.341714125554338,2.0,1
15.304968785664961,20.852091974399066,42.69152534208216,1.0,-0.04841534115392672,1.213351568116145,2.0,0
83.57531566417,58.96776454407186,66.6625833486573,0.0,18.067008057037967,81.09154167399691,1.0,2
81.75305104594295,64.44028088313894,79.86877596992564,0.0,12.595129553931816,31.064931003964567,1.0,2
47.89696525008071,37.713248990202196,73.40367466496326,1.0,10.1403698687562,3.3392725053797294,2.0,1
83.00107835079791,54.124166418377214,76.75037818916726,0.0,20.12207625534629,59.07050244808466,1.0,2
13.473517381793974,24.10937574601656,59.386436245683576,1.0,0.16669406294476816,0.8605504078044227,2.0,0
19.915342222775244,20.62347893065122,42.11748636426259,1.0,0.7393259577778046,3.4785915361524227,1.0,0
68.7199702330382,55.688458127301885,86.95933461575702,0.0,13.141436750400405,53.73326108394602,1.0,2
33.69795173241742,36.780564026215025,62.13432237922986,1.0,8.105646756177881,40.46744213586608,2.0,1
85.18818312041356,53.72322647542293,77.30221275575457,0.0,27.586049980229895,99.41009888502872,0.0,2
31.486974160162436,37.401156423119346,66.35983412076436,1.0,-1.4119898486382025,11.282747318991339,2.0,1
73.25214483552735,57.52595810428109,72.47023602813127,0.0,21.7748117895467,83.01099633001887,0.0,2
93.32834927962384,58.619998051818705,72.77390872017423,0.0,1.2977026572114063,97.19842008338135,0.0,2
14.275485418370893,30.09737063701712,51.665047846251134,1.0,-0.5341380729285827,0.04518854502821141,2.0,0
15.741232606886587,28.720051904843878,52.830089625125034,1.0,0.10822985523264197,6.657012061093512,2.0,0
10.876831889566631,25.392196904475703,51.32036849775642,0.0,0.8986549977953919,0.03550455226962615,2.0,0
11.475144562727365,28.568391733602276,50.509406147117865,0.0,-1.6457154744432212,5.12343518364564,2.0,0
12.343065316915968,27.495962826251166,55.91852774287005,1.0,-0.15745156134543592,2.0875584743516575,2.0,0
12.33821228590455,26.96561121192435,43.23846013264428,1.0,-0.17183914120877947,2.0379406531358955,2.0,0
20.149432932867207,27.826691114545667,52.06300240245894,1.0,-1.306091657465612,0.8770830694907844,2.0,0
9.04910727779435,24.963712099023624,47.096637110863256,1.0,-0.29014144287180843,3.013555231949037,2.0,0
8.37816658608093,22.562136395728064,40.99228746677675,1.0,-1.8496519575222827,1.899320697795713,1.0,0
11.372799851902968,27.575690637103865,42.05685184314953,1.0,-0.3301705968822428,3.391493205425388,2.0,0
40.891173111637485,33.140825861478596,50.42233387678796,0.0,2.046600743673079,5.772077926332698,1.0,1
9.775886664685473,31.8160368742941,51.02319923832744,1.0,-2.653575455609098,3.01735904774029,2.0,0
52.99172564088076,54.91470447299086,85.2358594642254,0.0,27.80763307056721,59.18841117171426,1.0,2
18.590069942472645,28.540673668952586,51.5012114691763,1.0,0.3613151358006114,10.952581269466716,2.0,0
18.59857345134422,24.04814656122911,44.202143858247034,1.0,-0.03278512116318552,4.627899668590783,2.0,0
92.17619035332862,46.57219835480668,67.10661678532279,0.0,19.500886296212137,50.818983549788626,0.0,2
8.507673212898473,24.37512473837048,51.711274575866035,1.0,-1.5602980664332096,0.17555983375837103,2.0,0
87.81336879731356,61.77194441286225,70.03853690277079,0.0,16.376968175422952,102.73261267823334,0.0,2
56.89175403356769,59.93586711115751,84.83272817974687,0.0,23.93115662788465,53.08756432509433,0.0,2
32.598226840078404,39.346700810256195,61.697313203300624,1.0,7.365527009606473,3.7718778518670293,1.0,1
27.795802478920187,33.96512221592571,56.43919314123792,1.0,7.9487439949385195,12.06059152422807,2.0,1
21.589709348925233,28.79280169743398,40.992118166989655,1.0,1.0611865662965716,1.5752168256600276,2.0,0
10.005631165182956,25.49960769834388,48.35333991633989,1.0,-1.4500528360539897,3.7562033687573715,2.0,0
21.372956897015957,22.359843019435505,48.56703601137693,1.0,0.8586679592326527,5.560885882785099,2.0,0
7.008802069568157,23.663728120360776,56.6472707932199,1.0,0.07399224869226544,0.17204696841121012,2.0,0
27.10767871904174,41.37925736649807,65.44647885155639,0.0,10.512638702055689,12.35430898487271,2.0,1
16.832350506914466,23.65038463563537,56.40506637889779,1.0,-1.6483743820922907,1.58207704090044,2.0,0
8.01154642060556,22.060326892465394,52.04938340914533,1.0,-2.901131618189366,2.0506100822231854,2.0,0
91.63888392858561,43.31818204224801,71.23557052451488,0.0,9.31125134833879,40.87686184428594,1.0,2
11.513354980241456,23.486054068057044,51.29181277866927,0.0,-0.5904173730495149,5.472671108742528,2.0,0
37.476253539775755,35.3140319670373,59.52869133402627,1.0,6.27381569450272,1.0598464939703165,2.0,1
5.693177406430987,24.014135464903184,43.28811058157758,1.0,-1.382176535143382,1.9825804736102186,2.0,0
6.929049861090014,29.631719717548524,46.53589411715555,1.0,1.8420453144122027,0.7642385108019828,2.0,0
54.4677044081049,61.0220768627031,68.6379074794168,0.0,13.850631583837359,26.018666274966584,1.0,2
86.6814446588408,54.407397078194975,83.6172130092086,0.0,21.68121677511113,75.84773700689968,0.0,2
6.652000394103065,26.545182432882868,56.67288020950345,1.0,3.347248366541623,4.136905371950869,2.0,0
75.68510199438033,58.887075388662204,76.78325215890322,0.0,17.680597994619408,92.7510324850269,0.0,2
27.30761422387758,38.339335231578396,64.84187685994755,1.0,7.074899444798304,21.44031568007206,1.0,1
40.60381334120095,37.0076529513769,56.520777000625216,0.0,7.087352605876832,41.73041064159885,2.0,1
28.861531911515307,40.37494273613942,71.48556477153261,1.0,7.483567476146318,16.18883218043615,2.0,1
11.78837056875824,22.746505549801988,53.83440228269377,1.0,-1.3923299510220266,1.0371633532759486,2.0,0
56.092047703449246,62.70360034919777,78.07739015586995,0.0,17.50445804750093,110.79827534504716,0.0,2
11.384910194879048,25.567176521747992,59.162360178388674,1.0,0.05233192063411285,0.7517266032298459,2.0,0
8.609764881530694,20.251339532370952,55.95464526696428,1.0,-1.5707363530353968,2.93253137388237,2.0,0
46.569790200348926,39.0294835202739,56.83008765125581,1.0,4.786454746074914,10.134567259254645,2.0,1
45.36509158033303,34.84162925303118,67.48106838113685,1.0,3.690878702286434,1.8570697495523778,2.0,1
62.16881139467843,51.25819223416386,87.57498333525476,0.0,32.86157480234047,110.49681938063813,0.0,2
13.91463457856886,22.588888150117448,59.93052617597238,1.0,-2.626463361607842,0.5460562314586779,2.0,0
20.37069780639372,24.118008238071898,46.29836889177791,1.0,-2.541383843992617,7.651433308713898,2.0,0
14.862930276864649,24.47039928511461,47.335966412925366,1.0,-3.0979541625609155,1.8370504070250315,2.0,0
11.093917385252634,23.570581415825846,56.02891552445907,1.0,-0.7780000794318152,0.36879266926185106,2.0,0
16.562393119925105,25.54059372575743,50.177881401397606,1.0,0.1636244555247478,3.1805088774457415,2.0,0
6.978228764053093,30.048404957241807,57.15715567034978,1.0,-1.3506726920670402,4.370311810811871,2.0,0
27.135436990204273,33.173692190042864,68.26400202243663,0.0,5.441555343103053,6.214923043940653,1.0,1
29.944821142532998,33.83318460346889,63.59746051782869,1.0,4.971846669365567,1.461237005442583,2.0,1
13.819440569637223,23.237848641538573,53.23827265274023,1.0,-1.2221340042353221,0.6896291909991061,2.0,0
30.95696445414629,41.86530460505364,50.5409831236291,1.0,5.618531911629809,1.5035481157959807,1.0,1
14.648194420446488,24.788423811709215,52.196255230962336,1.0,2.868008203579046,4.758439498766338,2.0,0
11.136556247980455,25.243950627987452,48.54933056333378,0.0,1.4040842519040244,1.6547146315777577,2.0,0
16.209016677498305,24.88165761142068,52.96595054597603,1.0,3.166944501149376,0.07557154676541028,2.0,0
18.18396948381518,25.66738164995578,48.054789694936616,1.0,0.42006801404610666,0.27964761055036536,2.0,0
46.94553572374109,37.71665201856034,51.1927085363468,0.0,6.0539097450494115,55.73214456950558,0.0,1
46.16896612450085,34.28848236999821,61.42505773442352,1.0,3.404372838443259,12.36566212380896,0.0,1
21.361604014015892,20.70261115092775,58.08719549987714,1.0,0.050578582351579866,7.011770488264991,2.0,0
5.770168166124757,24.2935791839053,52.048988839331756,0.0,-2.2598010452855988,1.3062489827603079,2.0,0
12.73874253439062,27.48378533948319,46.69578083781359,1.0,1.440457752130002,0.7069081446685423,2.0,0
17.437021869840642,20.164946648136144,47.44164509925792,1.0,-0.7910835924594299,1.266788507807565,2.0,0
25.314585975406814,41.84202621342367,71.20069756643204,1.0,7.678066229146308,11.264494383832663,2.0,1
39.78448070200615,33.28453510144118,69.04203389950796,0.0,3.606533635671661,3.6999094638243895,0.0,1
7.190955272481037,27.212890001602794,51.5698501645866,1.0,1.45315484352203,1.1425390060618763,2.0,0
35.338085199264846,33.34338245341839,67.61960733619317,1.0,9.88125946759788,5.400730104813433,2.0,1
27.97013729352569,41.60848312299389,63.573748448702815,0.0,9.205926658770254,2.29485788002564,2.0,1
7.4308585948982095,28.91831838477924,53.42541650458265,0.0,1.561431260696684,0.48328318864356756,2.0,0
14.441180365939731,29.661083821947955,48.47540239861847,1.0,0.4370684772239189,0.2073978206625877,2.0,0
9.20075497817249,23.249675936443673,59.04124893278005,1.0,1.1777776234655644,5.133311655632026,2.0,0
11.008163448146208,29.554897406496423,52.3324395633055,1.0,1.032307959679324,1.6120802539470493,2.0,0
35.68642262997652,38.67547624485549,66.04342612035057,1.0,3.7586917389988015,19.11074780061478,2.0,1
6.605530332850783,22.098577246111514,45.50478362074016,1.0,-0.544697470225617,0.3678586600225684,2.0,0
15.156022736895242,27.63145648596474,55.973115607132726,1.0,0.6600898935347175,1.7838533754199113,2.0,0
20.977146101429078,21.331977185495777,51.9712598643552,1.0,-3.9271997980384197,0.9049266248452568,1.0,0
47.80467683040555,41.78304004106309,61.3181356657485,1.0,3.7566446869020544,44.65154515126125,2.0,1
10.155677508649124,23.22274600944371,48.09937174752377,1.0,-0.16479618465290352,0.4116887726544828,2.0,0
16.836909189928377,31.034372295872597,59.04773504797449,1.0,0.6912372981057979,2.1577503670253733,1.0,0
94.21652294095355,48.910098973827864,71.54503433183659,0.0,14.873466227214502,40.3737228204876,1.0,2
6.43037940491583,22.963745588863997,58.76631457302632,1.0,2.0886839122246013,0.5227503382337421,2.0,0
44.815978537749,34.775594778453616,69.65288619507831,0.0,8.303531084004334,7.73564878619962,2.0,1
15.749199120090852,24.91885867635546,54.698516947897886,0.0,-1.7948368929250298,3.279153170293598,2.0,0
30.391332121389958,34.21387361767243,73.15203366967297,1.0,6.034955123055736,19.20128187369589,2.0,1
38.58507021199874,37.766067842835035,62.5982251931061,1.0,3.2755381541769886,3.125768099238327,1.0,1
45.00446274005684,41.3904105495435,62.78770911914097,0.0,5.461410498072238,30.023641848927593,2.0,1
21.488544762848253,27.294862569088444,53.956655710103405,1.0,3.437866900228029,0.3992717529529889,2.0,0
69.65597488740323,46.16314190788945,82.81756567258944,0.0,18.192692732593922,73.64008137834517,0.0,2
26.469143028823435,35.03898463673662,50.42157175205261,1.0,1.3662008192831303,7.834345071858202,2.0,1
11.192587637817283,22.61471065105988,50.82748841814876,1.0,1.0482235054207145,11.518334759576726,1.0,0
39.523892044053255,36.138281058254734,56.213732768779494,1.0,7.642579591306861,7.435737787280504,0.0,1
47.7829998934049,41.33406675842926,65.20772570258899,1.0,4.880823997008253,5.728567229313715,1.0,1
5.930947859974532,30.11254282592666,46.707432124349246,1.0,-0.09967346296418395,2.2167772155046657,2.0,0
20.4100258863973,24.885277869507533,56.51864617100033,1.0,2.0292008023450876,3.4084324574588543,2.0,0
8.49930057062506,21.924384873436917,43.309995493273114,1.0,-0.7153146909657535,1.4695963611965186,2.0,0
19.65424619863458,27.114082166097322,54.19342687009049,1.0,1.146319805008283,0.5940134555830253,1.0,0
21.772872834519983,20.4160432007178,45.78879043238976,1.0,0.22163386110019279,2.797334860201949,2.0,0
5.448238566453284,21.577869438775778,46.819171428711165,1.0,-0.22418353974748317,1.0418277982839488,2.0,0
15.823384596842525,25.44787893439639,48.91035628986322,1.0,-0.48456355315951016,6.784296555949405,2.0,0
5.460631872559219,21.338146547855317,51.87561263886904,1.0,1.0279351270664518,2.590590400279906,2.0,0
78.9788497846227,45.646975536845055,76.07922603641221,0.0,12.60905707936293,74.79973330003139,0.0,2
21.79004258351298,29.448644321027995,56.1019462408227,0.0,-1.735412095844207,2.04390999164303,2.0,0
32.65105352081618,34.36500264321858,62.59914449563484,1.0,0.44523949712823985,1.804830145127001,1.0,1
8.883730602632077,31.192526097593138,59.231014642751326,1.0,1.3092256247675016,12.874768696065598,2.0,0
20.138963772578215,23.627998992217925,58.69459830976602,1.0,-2.119088638350834,2.8448368923082836,1.0,0
82.05620031226245,52.889979546245684,65.56192011407683,0.0,10.395978204200572,73.55490911885703,0.0,2
10.72227272929665,26.882347417466878,55.10267234890392,1.0,-0.7727563486380267,0.6112412142636917,2.0,0
36.25326119564499,33.680802125916145,55.41710609972507,1.0,6.3903883142941265,5.9988967804460795,2.0,1
21.830915451772476,26.150031785243982,52.23662040206443,1.0,1.1571026923556498,4.582663860042708,2.0,0
38.641436967579786,34.25276952075197,69.72512211401737,1.0,5.192876724335752,0.4375941188321465,1.0,1
29.710888682744653,34.25794494984145,53.89815630434579,1.0,1.8405317379262698,45.435423037994354,2.0,1
64.37687663296501,52.28087336185298,71.66447084665909,0.0,13.927775207330331,26.480820553659573,0.0,2
11.053644340263386,31.926180666796377,42.302923567904024,1.0,-1.3888348558367247,2.9340641942765666,2.0,0
14.35385121665645,22.427050166294418,57.98497836578405,1.0,-0.07620118292930032,9.173855722757356,2.0,0
17.535070315592595,26.891450901082532,52.226833124954524,1.0,1.164342757086159,1.8624475981108408,2.0,0
13.892112221075028,20.17178333200472,52.87913158895227,1.0,0.497206344496343,0.6889295096713994,1.0,0
10.798127967854395,22.23321701415533,47.9903756917387,1.0,1.865108695780743,0.8602289406293339,2.0,0
21.00490174920093,25.655446008777975,40.22605073178045,1.0,0.16435737011678717,6.6223402697372515,2.0,0
71.75009259662542,58.45850793199853,66.03174173226387,0.0,24.45072449389054,73.21006369302371,1.0,2
37.81893648847874,41.568525764674895,69.1358054186193,1.0,6.4259683517267785,23.337568900326787,2.0,1
19.2116620487075,27.851510627899543,59.31494419639495,1.0,1.2952923637822817,0.28031743793687847,2.0,0
46.60215513193775,36.27492354264195,50.667328964671356,1.0,7.855387177164656,22.7721634083405,0.0,1
36.83964960373519,35.148307242290805,60.959522428523286,1.0,11.657365549456582,11.137621017851508,2.0,1
19.934764542122913,28.681323948258942,49.70035975048083,1.0,-1.3150456284289394,1.2442468273059255,1.0,0
19.294816850240686,25.91082884903957,44.765793411061836,1.0,-2.0219936765507533,3.7961391143973184,2.0,0
6.660425938108526,24.059210071933983,40.80118238101389,1.0,-0.3926374353316418,0.5241640770699814,2.0,0
5.438802418141279,30.355961976306464,49.35441231942302,1.0,0.6963768571845054,1.9955489015257495,2.0,0
13.959704886498077,23.915047016493762,41.73934040511866,1.0,-0.3404136992068865,6.957771510148914,2.0,0
17.923873618124674,20.749491123428857,45.54138499426799,0.0,-2.912787989069109,1.472571623541149,2.0,0
9.361567322923184,21.877720592043207,55.32694426209305,1.0,4.676521693812071,7.734138650885094,2.0,0
18.834515335018125,23.521865878497458,43.49294371792659,1.0,2.9293760737342662,0.6182875957901188,2.0,0
45.216823078448954,34.533898816919965,68.40135036206973,1.0,0.7738381746845091,3.9408758885957638,2.0,1
42.54944614976035,34.31010982787251,57.097934991610764,1.0,11.122646667965281,16.45952556859181,2.0,1
15.394722002389013,26.242038707729016,40.911703158973374,1.0,-3.5711086582852456,0.12863709582631408,2.0,0
15.121545294440745,25.492395261911525,54.617406915523205,1.0,-1.2036450597972552,0.8760558371528219,2.0,0
16.5185941513188,20.290301166696263,50.9339136414426,0.0,0.36470198270773363,1.1643308553498832,2.0,0
21.049008774672426,27.999205748559433,49.72347308209766,1.0,-0.35671055613890956,0.15213545363130584,2.0,0
20.856384217018224,25.922558964081425,41.38788171808367,1.0,-1.0106851584892147,6.129918205253564,2.0,0
16.00707014062825,25.807872418156965,49.11299098879755,1.0,0.6752334509199714,6.1219364431733325,2.0,0
14.382416259166254,27.35088162013783,54.242740917612096,1.0,-0.2760485987985041,3.996352131137655,2.0,0
7.593163729542443,20.651984417874846,50.37123377331468,1.0,-3.041515907506273,0.27842874340016455,1.0,0
31.70481874192013,37.71576782417142,52.183184313961725,1.0,7.10675160872474,10.080434410725085,2.0,1
81.72333767887424,60.82264475912094,77.18685108924359,1.0,27.657249942230216,75.60438402616873,0.0,2
21.487940054029863,24.61413593173775,53.52967499041209,1.0,-1.3255787110365942,3.2482591658086637,1.0,0
17.01521268705258,24.712768919256995,51.94624756661423,1.0,-0.23471606418473773,2.91990833771607,2.0,0
7.04963705821374,23.466619266909987,57.22836092191035,1.0,0.4271318900783524,1.6954907708906304,2.0,0
80.74606680311634,57.14521585465435,69.11185461366121,0.0,28.020563403498535,111.41930758098303,0.0,2
46.34037213194247,33.54703051766463,67.6671927115136,1.0,4.186458418320615,8.997268781679118,2.0,1
93.61484925313832,58.73047430221534,74.41034470310285,0.0,22.239124640523762,54.1847967482031,1.0,2
30.449340814757193,33.08627076129955,51.54937589973798,0.0,7.489144939586536,0.048826234236373736,2.0,1
15.762724773645555,21.624248987332226,54.77733354266066,0.0,-1.3659676307737347,4.094816221067439,2.0,0
17.837333346451523,26.407609670573166,59.152632925451755,1.0,-1.1339260600378807,0.016060338376515965,2.0,0
20.30039309776619,27.914129223689244,44.515791043012584,0.0,-1.4953974396031904,0.0073728116395972015,2.0,0
41.54152089181406,41.340415607769955,67.7535470640632,1.0,5.991254545755616,4.645959935017709,2.0,1
37.7906574542059,36.94228604821023,55.99360432345646,0.0,4.900192290483768,3.842871342755277,2.0,1
10.1939132811864,28.290607718609873,50.99434510326622,1.0,-2.606706923769749,5.717114432170494,2.0,0
69.10607059025713,47.73088277373175,75.89069751804448,0.0,20.735810399283533,100.1720587479131,0.0,2
34.86810386135866,39.47341655353753,67.29775066548905,1.0,7.8957010174734386,0.9581264080113752,2.0,1
36.95407718805715,39.960530021658954,73.45912537975649,1.0,13.875916740806735,12.67764559174301,1.0,1
14.130811210915311,31.59700863039689,41.240735272575634,0.0,-2.03726238221639,3.803202276067018,1.0,0
18.199020332613948,26.72528757176528,41.025876979624314,1.0,0.6791345281150418,0.015114521024891837,2.0,0
18.70187334617769,23.251312379796385,52.97365906714729,1.0,-0.08609619568019061,1.521888516231303,2.0,0
43.576170836219944,41.760412761976056,58.721552419256824,0.0,10.542742799942662,1.6314765403655622,1.0,1
44.041018728642,40.51695534547892,64.44144990165017,1.0,9.796568764255621,10.081993330716486,2.0,1
43.27010357269653,36.062856638683726,63.79455570985259,0.0,6.770157518387221,9.733301229692145,2.0,1
7.781604960258376,23.681319194265694,40.264576258105876,1.0,-1.8667296748332984,1.7365009944279675,2.0,0
7.949916754770648,25.861947591918863,58.798487457714174,1.0,-1.787812056286875,0.06766244477124629,2.0,0
30.058264604905606,40.760264654722384,73.97983716146304,1.0,3.5226927135955255,7.1324676689009285,0.0,1
82.64270641197784,59.53348270971456,75.46926369479081,0.0,19.13788772924939,114.50906284027194,0.0,2
9.039838247870794,27.634128376498794,48.599152395596434,1.0,-1.8415199466840857,0.5167836668009166,2.0,0
19.763955590264516,30.78272725609807,57.233297693982024,1.0,-1.9342208808145314,3.1187815788476696,1.0,0
9.758876248081028,25.013131751301195,45.31856901264238,1.0,-0.8219937281117067,2.553962561221308,2.0,0
26.211486632083034,34.95521915232792,53.96495014595106,1.0,6.100702944207018,10.73303015015701,2.0,1
10.513673802961385,24.325121925697832,55.12384468213561,1.0,-1.467382407090716,1.492886925526382,2.0,0
43.59580528498945,38.88751480792739,59.80337072756938,0.0,3.826844504633491,7.200063773916392,2.0,1
44.35891066623108,34.288777534922176,69.79332232499132,0.0,7.938249723635563,11.95333519091127,2.0,1
16.34908755458094,29.856660354808334,50.360208627521956,1.0,-3.107065769007236,7.94014654948214,2.0,0
20.164791438010926,23.078360749330972,56.81817420805814,1.0,2.5070213631562144,4.552391647300795,2.0,0
15.645745467734061,28.45465313632934,47.8443558686708,1.0,-1.9823336797665765,0.6523142752352151,1.0,0
21.180800352195064,24.25125592660659,41.056533727294436,1.0,-0.22404224347446183,1.1236697481172078,2.0,0
12.243417526136316,23.592600484464178,46.06439567688501,1.0,0.6000000084203496,7.412052366052631,2.0,0
87.34244736531676,53.29806569735407,77.2973353625363,0.0,18.107131808893048,103.8953177252293,0.0,2
32.97771125136446,38.36769023926182,65.2423863786246,1.0,0.5650804586448386,6.230266761257906,2.0,1
18.83749458160232,31.613137583234746,48.791258835457974,1.0,-2.8125110812079046,0.773007358258694,1.0,0
27.33615930382721,39.343525777656026,62.39153360087721,1.0,8.702325395371673,8.962190201158677,2.0,1
6.597692977294773,30.910642470338722,44.40892008490838,1.0,-2.063266334353114,0.9420372817771239,2.0,0
89.93211951171202,63.0631633715829,77.34032279339134,0.0,18.042919536584925,35.42890003045224,1.0,2
45.446807686795644,37.223204512834855,69.7687029644369,1.0,4.230722277998594,11.307257581930235,2.0,1
39.83724124978102,33.786894277442784,67.78782250779545,0.0,0.8093336215635434,8.345797967667295,1.0,1
17.947533460588197,25.054976639528864,46.84215241727188,1.0,2.166618292582631,1.4606947150751577,2.0,0
10.952129405834413,20.45085308478689,59.654790818207715,1.0,-0.2462241190826609,5.601115059016548,2.0,0
14.976299006354946,26.692505915000527,46.78610534619135,1.0,-0.6648951972268544,0.22730265955810758,2.0,0
17.599051037931005,24.30458630500416,49.62555902438474,0.0,0.756406122057576,7.947108227128428,2.0,0
11.859208725610749,21.44670099684428,40.25794939579051,1.0,1.4540539536120813,6.699063462308186,1.0,0
21.66055377985311,30.290748051935406,53.45014525347298,1.0,1.1598599799986389,1.582123782750156,2.0,0
6.504372534882632,29.06050314495534,46.80823112228519,1.0,0.8690201396351636,13.495873396026472,2.0,0
71.2425299975504,54.23591938270114,85.43668180217746,0.0,7.663665110607868,75.43135015297472,0.0,2
21.480009479699888,23.71768250386963,53.266214190080035,1.0,-1.066954840424219,0.9879724426651807,2.0,0
9.100424779192206,26.066105124678366,50.76440203736951,1.0,-1.3865360004455634,1.6527864783662558,2.0,0
20.914631160733276,25.547546732007287,47.093324099701654,1.0,1.8405518955733084,0.6179930404567933,2.0,0
21.488504783823597,24.989301242279865,55.244241166283544,1.0,-0.6536845944354539,0.6786780804380135,2.0,0
44.642357200475566,33.89695037458124,71.47280815239104,1.0,8.452603529535892,23.770442286730606,2.0,1
64.67166937389312,66.0961656048174,66.15246168861927,0.0,11.269027197524494,57.39919284306987,0.0,2
13.886458099493899,27.391825403122148,59.22984649148224,1.0,0.6781017573895065,2.056584394712189,2.0,0
13.438226202421017,25.34649966490269,59.53122046645809,0.0,-0.16697827319670103,3.91582620224439,2.0,0
19.72308612150694,28.42710519237997,41.79753703472321,1.0,1.4363057449196512,2.450909568926755,1.0,0
5.078744391078248,30.702465737728815,59.13440867778699,1.0,-1.8152407544713276,3.3920808177770607,2.0,0
5.530113296041839,26.55892570438754,55.20011089924197,1.0,-0.8176308449933856,1.5039045447408412,2.0,0
32.32036056074805,35.54248953162606,68.2991959588178,0.0,3.1861397734653227,0.7689612645825167,1.0,1
80.692164777241,59.25408831294109,83.59150717519599,0.0,21.582336598431244,92.61355121408756,1.0,2
16.418911634899565,24.25725550203181,56.63036666224447,1.0,2.819811824131512,0.04253916614429937,2.0,0
55.33155683644041,63.0529111790725,82.15342412161824,0.0,18.198095261609158,90.24213037283415,0.0,2
16.183370178251614,20.217488492548757,46.55767988036517,1.0,-2.5213056888571805,0.6397355821144045,2.0,0
10.38767408765672,31.348377764003388,58.769643164283096,1.0,-3.471066099000158,10.15993360477978,2.0,0
7.782151028716976,31.97385026818374,56.28773558537523,1.0,0.27298482393419643,0.5665881805703814,2.0,0
15.399252685983988,21.99145874354942,53.19011963302654,1.0,-2.378438560154389,7.992868438767823,2.0,0
67.73248323540595,47.50584129546153,83.73805046076035,0.0,10.544615983201766,52.180642206646986,0.0,2
94.37240568966715,57.888767530812146,66.01558912956982,0.0,29.527424502537677,46.88996320887934,1.0,2
12.048610103359405,24.320605590811738,59.56441337053117,1.0,0.4245797433879806,0.7588539424447943,2.0,0
44.213334146114526,38.29822548327064,53.51514510191317,1.0,5.699916423175992,9.202472228812427,1.0,1
18.648508626166194,29.467189661312087,41.96848378202738,1.0,1.840910733121894,1.1420087881504328,2.0,0
41.30984833875027,38.503784351532964,67.40364812346353,1.0,1.261964513789219,16.247474924933506,1.0,1
20.751989627745402,29.46782191904952,56.24947642088343,1.0,-2.017814506212904,12.640869644264567,1.0,0
76.91263554504152,56.63362460003862,87.42763366205169,1.0,12.775401741355566,42.1830336310341,1.0,2
46.30951423801709,33.31483686164538,57.68234108105733,1.0,5.090721840924822,7.299660671339953,2.0,1
19.903111245191866,28.687676665593123,45.0896266323652,1.0,-0.33267210557420324,7.299093647016319,2.0,0
18.424874621422145,20.97379014243487,44.53957078943042,1.0,2.030180471431805,0.3059366947516182,2.0,0
37.64240238708489,34.884855475250404,71.21881166672108,1.0,5.501273783037509,1.2492843532490827,1.0,1
21.374783170490392,26.14836533054949,56.93774448857906,1.0,0.38640128609719404,0.16621560080897965,2.0,0
18.579315008152314,31.018869040105244,56.981960399173516,1.0,-1.0207410716460714,4.334894346760558,2.0,0
21.405457481330714,25.722121619813805,40.80571037555997,0.0,-1.9283865011340415,0.43935893034195217,1.0,0
44.69019264143682,40.2558868965519,73.48046237194212,1.0,3.5918348513252507,55.170165756367076,1.0,1
33.191840202232186,34.682185813443695,53.080866700245096,1.0,9.271416507170981,6.815515306842627,2.0,1
10.559563746575058,30.033412438486984,59.44922780055805,1.0,-0.5782398613685373,0.17967612955111337,2.0,0
11.779987275247308,24.20624641143394,42.13247237873196,1.0,1.0302868665183842,4.002890725623974,1.0,0
20.525089393460014,30.53396093782449,56.54604299474492,1.0,1.2143916539578288,3.4938989882433953,2.0,0
5.621344353417613,29.866158641797078,53.8410110607949,1.0,-1.4264300746417073,2.02797999966889,2.0,0
81.44306910051728,60.06802944338257,68.77707581157013,0.0,14.67573369547152,30.80517245454864,0.0,2
12.462514151995814,21.6885383365851,40.78538828483305,1.0,0.8066522855527256,3.5686396295525995,1.0,0
15.31415578850855,23.8110415431334,47.16279433058289,1.0,-0.49886906977481243,1.9631453677903279,1.0,0
93.12987608809404,57.92655052357219,85.23528977234957,0.0,18.911085297849425,97.503037718352,1.0,2
14.951024194744786,25.27052721499661,43.63635305674678,1.0,0.07958896939892855,1.407785245287122,2.0,0
13.016795205352693,25.379828664433067,42.48691682861741,1.0,-2.385212746020447,3.0653604112417323,2.0,0
8.308582700953007,24.26383698168665,51.41707872557523,1.0,-1.367425953230854,1.4524241597979197,2.0,0
14.05402035337696,29.930227065275638,41.61230810339204,1.0,3.0867167656466434,2.1593452669250763,2.0,0
15.03392133677448,23.114501398113084,46.243794731382586,1.0,0.18642854227627606,1.3807897667102265,2.0,0
11.413830772778585,21.849740518141846,46.62704437472634,1.0,-0.1591359530121305,0.10920905050546383,2.0,0
60.23858283643019,55.51763976234713,73.08125732963096,0.0,17.856774190143284,61.7133593300545,0.0,2
8.726637785086753,25.507286199161843,57.61790321089505,1.0,-0.3505860867775882,1.2505332508016078,2.0,0
40.77637207628905,33.07897279555726,55.13084816950773,0.0,4.091404676393614,30.293957810291126,2.0,1
20.458446835339295,27.35527498993431,49.32598825879637,0.0,-0.9057574462397799,0.628525606526132,2.0,0
10.051069165593976,22.90271952935467,44.41302119243497,1.0,-1.4048880093654632,1.2667416374772889,1.0,0
71.52480602227652,63.30922007184452,69.43418002383943,0.0,17.168594259615535,73.85347585687157,0.0,2
9.111488945307679,28.754098743828763,59.61136454121447,1.0,-0.5798124238466397,0.8831278899018102,2.0,0
21.58537341461855,26.871286794584268,49.70460911530712,1.0,0.9954695205492621,1.6118219630479609,2.0,0
35.018949442062215,38.645920225708544,69.02077575048627,0.0,4.111877366380632,7.846113653877566,0.0,1
17.139477846251275,28.68137381420001,59.31664639436666,1.0,-2.103553925135737,4.742007813041011,2.0,0
27.15567191937348,41.052426942800516,59.35661169626835,1.0,4.886807913297442,2.3622989652517363,1.0,1
26.67172995306033,33.84143125425591,70.17949425506228,1.0,7.346828154578993,17.644437471975873,2.0,1
38.82476637714703,38.884106857530504,52.30201232809049,1.0,5.7550969199662685,3.301911303535128,2.0,1
8.815489721223232,20.017685865035737,49.16057233167737,1.0,-0.6808371242296924,2.421206599386078,2.0,0
20.207387857199556,29.364513482851763,57.81316910923685,1.0,1.3689304838106606,0.1576918277163642,2.0,0
18.07278605806868,21.373851656790862,51.86922765409447,1.0,-1.3403925205786806,0.09790920327250076,2.0,0
35.78733190271412,39.91229208828674,63.36648916872713,0.0,7.829727367963931,14.069431455933145,1.0,1
5.39562290750904,27.714582920704494,50.9973712555241,1.0,1.5384481708088735,2.1021680695774525,2.0,0
20.822874535260603,25.364666525677105,48.8421406935944,1.0,-1.156228204093034,0.6600189888284226,2.0,0
7.980150020080214,30.045435533967826,47.99966036587137,1.0,0.6843742327927992,3.613794607844618,2.0,0
7.584422503187017,24.02334860093955,46.71632729283069,1.0,1.9241924532584704,4.762739400144402,2.0,0
6.477644897486202,23.2429723055694,47.55678427454373,1.0,1.977295600851038,6.64006213092992,2.0,0
20.971482006591216,30.336439956361232,56.551061045480935,1.0,1.534262207326146,0.23306064126288145,1.0,0
7.567984160275304,25.19320255519115,45.77937049842117,1.0,0.08250440405006193,0.6433505404816741,2.0,0
16.83250654347454,24.9411864990141,51.01326758881703,1.0,-2.3709059112137534,0.4028618195350716,2.0,0
16.074146601981692,22.34999700961124,44.27989357396627,1.0,0.5480913628877111,8.341275584076545,2.0,0
79.63585991156614,66.58748074259817,73.86427172591445,0.0,18.115555854187274,71.82116219596901,0.0,2
16.563872246542005,26.951773599943255,51.66211514559796,1.0,1.9116603417733549,6.758832802637626,2.0,0
19.277642148734245,29.86197135902431,49.48315891758159,1.0,-1.399659115780664,0.9561445819676859,2.0,0
21.061017408001277,24.606066596539755,40.32486886418907,1.0,-2.4620701734031454,3.0973608807485884,2.0,0
15.208786627372108,24.657988473523947,58.655058781206264,1.0,-2.3522164701300756,2.7565761601706527,2.0,0
20.072271659087935,21.556147738690825,58.894147633449634,1.0,-2.6448550483552276,0.7775980968567546,1.0,0
35.151281809769294,33.80530544684176,54.96381008842732,1.0,2.6397446024233964,2.635884094983438,1.0,1
5.536964462035915,21.111505796616406,40.12094086367957,1.0,-1.9731619605747683,1.7058776706257919,2.0,0
20.165439711983986,30.0812969412704,48.63614190215554,1.0,-1.5950317497454778,0.621711376792081,2.0,0
28.226145909560884,35.077360066690034,74.60624416228225,1.0,3.525798061492912,3.157096016616773,2.0,1
20.30710697177662,27.322701793731696,51.896947590038195,1.0,0.5405530738572917,1.0934484379998064,2.0,0
28.410939900578185,38.81937555422223,56.72260761403703,1.0,5.368927188669264,15.843051605075985,2.0,1
8.117876667508375,31.614320418140366,41.74034436605577,1.0,0.7859407681151022,0.6185524471929383,2.0,0
15.596068156068485,30.47987499032969,42.50972593598301,1.0,0.7749666689039509,3.044182507326827,2.0,0
14.465621461791953,28.0282680479493,41.53606096628843,1.0,0.6626201045663358,0.6862909229067107,2.0,0
47.05004805140416,34.87868280085551,58.828860057063444,1.0,1.6363157842658271,5.765328120398403,2.0,1
9.736989892022393,25.2082323940865,57.691737764592276,1.0,2.043198605527619,0.222564466253302,2.0,0
13.545543394890645,21.769430320475408,48.223949777650915,1.0,0.051562963539690136,0.6338561531914624,2.0,0
38.04478456480503,39.56311958521525,65.17571635961366,1.0,6.694623206441417,8.460845886374528,0.0,1
8.096004566707888,28.074460023176957,49.3007266844182,1.0,2.411872591678736,4.327286899163712,2.0,0
56.75587531375081,66.42973872189637,78.96233382763089,1.0,11.684861670015728,103.42747604468019,1.0,2
9.415814323925545,24.71834241233507,43.356291912920575,1.0,-1.957225335649424,0.7010353432235614,2.0,0
20.390960913253082,21.515176898774033,40.80516006018464,1.0,2.299310033454468,4.9982688482352575,2.0,0
8.171691001062609,27.11653201024141,41.57878805893111,1.0,-0.3872627070471516,4.69632156102972,2.0,0
42.66969888586527,40.89289947876587,59.05371958700592,1.0,5.325239307193435,1.817184682127382,2.0,1
56.89094983479015,66.17351656955098,79.85095897283011,0.0,7.803422882354891,84.54634487331994,0.0,2
15.028600676528763,20.52486886770737,47.77452695753094,1.0,0.7466824641266661,1.0338873392440884,2.0,0
77.74726927774552,67.53879344793052,82.13848803111607,0.0,15.127846866364852,107.60497791514635,1.0,2
18.377357566340017,30.674231732525158,49.68346064326815,1.0,-1.583984717890265,1.9294882749711975,2.0,0
33.404341010735806,36.685466505109964,51.922765968383366,0.0,6.035209109165807,15.817704039787177,0.0,1
84.21151334018916,61.82715986103324,80.2770133624143,0.0,27.123605410579273,119.69803774013735,0.0,2
20.82612782361862,21.714103577771983,53.16614879012124,1.0,0.7742160593795695,1.635683247231472,2.0,0
20.820118648946575,28.013127099237835,49.38813683978516,1.0,-1.9314079254795917,12.800595536648725,2.0,0
31.80783037831124,34.08664517438088,67.31100881295325,1.0,5.885216152607533,2.340831904769591,1.0,1
7.639084180822112,21.63921084381407,42.660195978146575,0.0,-2.369154448076398,1.2945196981360847,2.0,0
20.75901645471302,31.149674240185554,47.36500214790266,1.0,-2.713901571882387,0.7052165817593393,1.0,0
12.121732641577314,27.996624962938476,45.61201626475832,1.0,-1.05556559899715,0.8063341123090055,2.0,0
21.058441731058394,30.44632359523261,46.68885054236208,1.0,0.29017286248769414,3.784781564078555,2.0,0
46.71964142221071,38.370649765019174,72.03123820806513,1.0,6.920090826089513,10.088751747293315,2.0,1
36.07869341646942,39.814499628712674,70.80657214925373,1.0,8.975561101523573,24.927071682533523,2.0,1
19.35407040657347,29.86857453422425,44.54522107119325,1.0,4.188313301864942,2.9644296896491156,2.0,0
27.143920295532066,36.222767717040405,63.117688529556645,1.0,-2.3488812970296618,9.415960598789134,2.0,1
8.812578260829516,21.670944453411142,52.279406126504654,1.0,-2.2804301883609144,1.796689919467005,2.0,0
89.89214749601709,50.20392373654362,71.48755536451836,0.0,9.670245411090885,118.88741598862107,1.0,2
5.738013058531926,23.765921698692985,52.47010622494675,1.0,0.2409749105296748,3.6398770618665957,2.0,0
78.49667991796375,65.58302763173137,85.95690044384548,0.0,24.771274665187118,51.76962217743307,0.0,2
15.22740094248763,25.098210114417043,44.03589896504914,1.0,2.5313220828551906,1.9876956903985605,2.0,0
7.113052799254261,28.252664509166728,48.1084565027831,1.0,1.3200989444360134,2.9860093341792107,2.0,0
11.563744842613161,31.749259256181855,55.74743916298546,1.0,-0.6246576498720383,0.8429278599172274,2.0,0
15.914537984622893,23.14046820483087,45.927152270265765,1.0,-3.6055029016507953,1.4728345311934672,1.0,0
10.936562768415236,27.883461875205676,53.174352774540445,1.0,-1.4700934527609213,0.742674849678923,2.0,0
10.531794868707552,24.16811991510611,47.18417493965381,1.0,-2.3567285266768248,1.4491519998943,2.0,0
34.921405496924045,37.20456720017202,61.66585924875468,1.0,5.784880961145095,0.04266365371715929,1.0,1
29.036763406706413,34.65461154200368,69.5683927590048,1.0,6.491614205209367,1.5309787461013054,2.0,1
56.86583728335608,50.62488795756715,66.98914216948769,1.0,20.922519354693563,37.621866100614874,0.0,2
32.31704822067029,38.05618067395924,65.49160379049272,0.0,7.305145114921333,10.113467965828582,0.0,1
44.59920996865294,36.18274076826099,69.64004481057556,1.0,2.9434725918760445,7.838207552134229,1.0,1
14.171351970380734,24.70949823475376,58.91499404451861,1.0,0.8524100657291764,1.187930101866922,2.0,0
9.508440250589333,25.025519828889937,44.18118747413692,1.0,-1.3406190286255715,0.7877653607230763,2.0,0
26.81198763309003,39.73703087103609,50.82969075562504,1.0,0.10992407020343808,14.55003218837312,2.0,1
27.783361485218926,40.3541455395313,54.639505919588885,0.0,6.332509136076667,27.21649659708281,2.0,1
18.906251020682383,27.05842720338069,41.23616921378445,1.0,-3.4563179039159504,0.8308427715021602,2.0,0
6.333758482818521,22.42418802082988,45.43997210688712,0.0,0.45958422311012104,8.336398761935357,2.0,0
7.035956240927271,25.285296203749088,48.24559455663331,1.0,-0.737342908528395,0.3245419258108158,1.0,0
81.7669817526239,48.11729186554476,68.50198299257316,0.0,20.34290576324601,114.8631468231272,1.0,2
5.417977579799626,29.56017676629647,41.41071275185913,1.0,-0.06640997976697324,0.6008748279186487,2.0,0
6.429815703954956,28.01365619871688,43.12403015861199,1.0,-0.3104768836475531,5.59203020001158,1.0,0
18.25293605063481,25.102738225252327,42.76743189441113,1.0,1.2361543452835586,2.982814675561284,2.0,0
58.77638385272815,60.70489844931341,86.44409365172861,1.0,18.185092002321042,34.70175131192027,0.0,2
14.688124642812381,23.54348592857532,53.3304395338607,1.0,-1.3470408394866875,1.2134252344352559,1.0,0
41.46455035711665,41.66803193446392,70.55908784531076,1.0,11.917739713340797,18.984277908829807,2.0,1
9.776374223067915,23.976164085236608,52.119939345420505,1.0,-0.23099649779674755,0.7998296769089641,2.0,0
6.90466133685689,21.567828125881555,48.02923558178087,1.0,3.2187373876147327,5.8547695979097645,2.0,0
12.506018523347409,23.615183129120005,47.939843244149486,1.0,3.50674161808245,5.332194105028032,1.0,0
30.454026854816426,37.11863969330497,58.56851033972114,0.0,9.538273404421282,28.117906904330695,2.0,1
6.534926090924941,26.86246725472624,49.856391690656494,1.0,1.0814954293584538,8.263188421702742,2.0,0
18.406152590817022,26.007491216845015,43.6967679589405,1.0,0.7917590248733807,1.2041241005990104,2.0,0
6.09155193027728,20.907003366248805,58.35294555808867,1.0,-0.6444524677912631,1.3583910783758437,2.0,0
20.98391410422428,25.404211746864952,41.012449445381485,1.0,1.2303485974589763,1.579569163273096,1.0,0
17.937474342534475,28.44439735554861,44.823304286155235,1.0,-0.9272406730254411,8.27903770818741,1.0,0
15.298171929067081,27.48087149791328,48.29651311042704,1.0,-0.2154892948456772,0.12075382511822569,2.0,0
8.775832778002414,26.737815055514282,59.361527629014674,1.0,2.162913602928901,0.13469278311327906,2.0,0
34.9874440220621,33.430299573322316,71.89133469186464,1.0,6.345719600916055,21.1717121804039,2.0,1
73.26416464920769,44.664298682560876,84.44079130241518,0.0,22.061025924666044,99.95104182598287,0.0,2
16.0649152738023,21.56096803794736,44.375434168217595,1.0,-0.9625907154781941,2.8872987220178565,2.0,0
75.31441273010117,62.65909841506033,66.38924298223732,0.0,22.264644151051165,44.79162146141093,0.0,2
10.48001536457029,30.247543603465065,49.536777554662486,1.0,-0.036597850854234976,2.955666128094639,2.0,0
9.380609104690633,24.453355261161533,46.83698083834516,1.0,3.0730623865482762,0.3766182392901024,2.0,0
91.3469404242201,55.659917616311475,83.1813241937116,0.0,14.642074915049026,84.5393582354346,0.0,2
9.629224550829273,29.4222745177809,51.759832589276655,1.0,-0.0025712305035959357,2.679112032232229,2.0,0
6.024545634922534,26.58102995592275,46.3607922338904,1.0,0.20947751132384487,5.675783357017764,2.0,0
45.15609859962541,38.65451513158692,53.974127350565766,1.0,6.500448178554833,8.4881133733049,1.0,1
5.376100375992953,23.005614785509987,58.188590073717535,1.0,-1.0934388750497432,0.04224113360791009,2.0,0
44.404372634647146,33.189725943856835,69.368089832614,0.0,4.712453129317037,0.40161136105236417,1.0,1
10.898204432235872,28.24423119803891,41.9393134193085,0.0,0.7371191345332905,5.6051369802991555,2.0,0
20.391493599127482,23.506618765542772,53.59394433666691,1.0,0.3963821454110086,1.6490968278302391,2.0,0
44.696604258940454,39.72988749426029,60.443404862789066,1.0,9.401065494295526,3.4160180503952766,1.0,1
10.693395449170463,31.37225631157365,59.15891719852275,1.0,-2.0092046624366344,2.3663881183478663,2.0,0
47.945957782635894,34.17913098990253,70.87574903167118,0.0,6.0925484782708175,22.617261606126966,2.0,1
7.898910102683956,27.222579075635863,43.04097134848983,1.0,-1.554215357962795,7.9361088307236205,2.0,0
16.979572966522994,31.518353632561464,59.396377292675695,1.0,-0.5477289197973201,0.7840960555793245,2.0,0
7.624166159661439,31.768872123001152,48.65542968683638,1.0,1.3598162356649457,2.194975113954098,2.0,0
29.062114929204824,38.727133127403505,51.71502462237864,0.0,-0.9145715177888656,28.263463081637113,1.0,1
9.25412926879812,30.588996420888066,56.10860086091958,1.0,-1.7554210595951623,2.1857093953596705,1.0,0
20.922296769014345,21.41061560180264,44.23491724104839,1.0,-2.5740498724660337,1.0044913184666489,2.0,0
21.94282623025639,27.245545435392653,53.23669170227996,1.0,-0.7148271348288621,1.942366351944551,1.0,0
16.969356057686802,20.140479328770848,50.289226554797885,1.0,-0.3247847963042604,6.307089218648509,2.0,0
30.197695610214325,33.87528794269979,62.491756093226336,1.0,6.2973773774284805,6.933157515759739,2.0,1
47.780711837416256,41.23334378188483,53.69017047893972,1.0,7.69574137192419,12.603974224384249,1.0,1
11.251908964913923,28.087930497748765,58.19190782221889,1.0,-0.029877594449596805,0.4578765089603313,2.0,0
42.35769797996725,36.172165059593155,62.824471047858545,1.0,9.225310361426818,3.1023002601565866,2.0,1
88.62895912676171,67.49301608634528,75.46108476608894,0.0,16.41474429003381,55.38292724608041,0.0,2
10.810894978863892,23.186993995503272,40.47892530540967,1.0,-0.3900543752706671,4.49987210043008,2.0,0
16.366934738715326,21.785551632861388,41.171306105690675,1.0,1.0248186060016033,1.6189885258342707,2.0,0
32.44854150715443,34.707267283651156,55.267197925757536,0.0,2.0080527509381207,15.65476979251445,1.0,1
10.17211813031214,23.545337329729044,51.13569821856376,1.0,-0.5998499851639748,0.3151690319460567,2.0,0
16.500727558213192,22.475025366033833,45.53508263902617,1.0,-0.9167657280289907,6.189493729261711,2.0,0
11.736114321345198,31.676937955667995,55.701278420928624,1.0,1.4646470657971022,0.4087379162625775,2.0,0
84.16919440476983,66.13387267747795,76.75792355156076,0.0,22.40961584552589,52.93282512473492,0.0,2
73.97990562977662,59.302771430468205,82.82062357937184,0.0,24.19523338980673,91.18331442804788,1.0,2
35.091531074987486,40.10740808289494,72.88791821791742,1.0,6.581010055044506,10.672709349678117,1.0,1
9.647920222822005,20.018781262297676,58.91849288064173,1.0,0.1937812099975657,0.734405743715332,2.0,0
18.606060632980146,31.97153956882588,48.69061926608991,1.0,1.5709146128391938,5.13050250381819,2.0,0
12.315200213290865,31.622447980398707,43.840321694800735,1.0,0.720912890021021,1.8249615419861538,2.0,0
40.09750208728248,40.7006491338171,68.66866931281486,0.0,6.118067264982586,32.63118717932927,1.0,1
6.902633529761374,28.083745009698895,54.132082579884354,1.0,2.5156738052803065,2.7503916835591258,2.0,0
9.61293354015623,27.873942052172858,50.025512892514584,1.0,-1.4888670100932344,5.587366736239687,2.0,0
9.365201651248636,29.020963908750083,52.20726015636314,1.0,0.2352345241472898,3.59851818607991,2.0,0
10.567454987024549,30.003799543251027,49.08367325473412,1.0,1.9591083058074434,0.5651178580680991,1.0,0
17.037233822532773,21.180747796560766,59.39853050690382,1.0,-0.25238870173131234,1.0326443367114653,2.0,0
14.165741703479327,28.053889680556264,57.04096831609386,1.0,1.73204065007508,0.4451479170707457,2.0,0
5.875138771249819,23.938313043311737,48.04812518598624,1.0,0.24088414975763967,1.7510285194904815,2.0,0
70.88106872759064,51.50427375971224,74.51029970435465,0.0,26.61039247201267,29.09300053490211,0.0,2
8.169450456452328,23.389669116440043,50.15515676377137,1.0,0.48605466405979997,2.676983486290018,2.0,0
21.21886746339828,29.014136573701016,46.85461850855815,1.0,1.7989493593823784,7.885363802387756,2.0,0
18.75913964313473,29.08101806826362,47.90518630862316,1.0,0.20489609338312853,5.729359248910491,2.0,0
62.77156866604224,60.691359577953,75.75044150592169,0.0,20.86688491752393,77.47899435246083,1.0,2
16.070960609705367,26.093660767505348,58.45290279207144,1.0,0.5933982521444134,4.47691296591273,2.0,0
13.320696924718572,28.82795737087028,53.82111625478524,1.0,1.2308302543318455,1.2027501926355901,2.0,0
21.777077922208793,28.711758919823545,48.980775358602514,1.0,-1.464600072995696,1.2737122220769068,2.0,0
31.837913782189705,40.484125485283755,60.1281518334215,0.0,2.744478964992766,1.0459165200853018,2.0,1
13.28005261992191,20.62387222373249,41.00350700639948,1.0,-0.7040196996400667,3.3451861445246602,1.0,0
19.86992843563139,27.879572884494515,41.07269583041662,1.0,2.5222386861270234,6.2039527381730215,2.0,0
27.41360114754284,36.619354285754355,61.60925800455102,1.0,3.1155845594684797,27.011514402508695,2.0,1
17.321035115988945,20.53893558794739,53.2462747746144,1.0,-0.1216006581531257,0.958562222060035,2.0,0
36.7926336246917,41.86216998523715,74.26820409964486,0.0,2.361778155375585,18.18080565940799,1.0,1
31.036494968652477,33.695641438354194,53.18978098218443,0.0,8.41571957371322,15.583478507823468,2.0,1
20.300316911417788,21.763552515058517,52.98757640473245,0.0,2.1831517258729876,2.4581854653154753,2.0,0
25.68495810838118,33.19919948002306,55.63757756302407,0.0,15.122060862478323,22.97788798390974,2.0,1
6.821924192776192,31.533625824891118,40.41868235653467,1.0,1.6519952473343256,0.908184787452746,2.0,0
40.296781119963846,41.37640100099289,72.36303108874837,1.0,4.156729426656474,4.87785164218821,1.0,1
6.624100335189359,23.234142347507273,42.60706260086531,1.0,0.022541625430645515,4.479177638927433,2.0,0
20.915608186142727,28.980612196114777,49.67720437728623,1.0,1.9641661521039717,0.6779672194551378,2.0,0
19.84007920989894,31.32441911384265,58.185053888739844,1.0,1.0727615851920875,3.7543945671035814,2.0,0
20.252667885206556,21.906898012032244,41.34468360181123,1.0,0.3124837629383882,0.12013268202560567,2.0,0
6.058960568211066,21.76730676262509,51.57083636407063,1.0,2.498404820529791,1.1884377776843607,1.0,0
62.89397967233294,46.671862824220675,87.49048300854531,0.0,19.088754041655235,54.50030908749054,1.0,2
88.27643455236915,46.96940715718156,84.5994036285962,0.0,15.561858891777458,75.83736903037084,1.0,2
27.790008204998763,36.703604426092895,64.65276339745338,1.0,2.831075608572741,11.361119808935833,2.0,1
21.14934012715383,22.233630773040176,52.62751955286753,1.0,0.2371423138002149,1.5419854640593589,1.0,0
17.453725652574256,29.683585890607922,44.78132768150059,1.0,-1.12412398043546,0.930421934850514,2.0,0
6.717778787180993,21.211737281813132,59.97585871631309,1.0,-0.2761303005238791,0.9243926960002673,1.0,0
5.883511822075031,30.974583966182706,42.46494916265103,1.0,-0.41533403365320537,0.722142732903643,2.0,0
7.881376693663572,30.199704457767943,53.23555464943277,1.0,2.5101628284344777,5.161643893407202,2.0,0
41.305944838853705,41.95994338265612,56.276975600733635,1.0,3.9623341883456993,11.182253827748788,1.0,1
18.903181674975368,25.41552935635106,41.49791684003967,1.0,0.4083550879910821,0.7585380464145757,2.0,0
15.375674316285613,28.907038246389046,50.2948438751356,1.0,-0.5666473312837157,1.134070594810927,2.0,0
10.661032521989366,29.404859012902836,47.87510283130813,1.0,0.18336450682059932,7.0594102078974075,2.0,0
15.674306621345432,25.827076395912773,50.88689775268642,0.0,0.7583367798225116,0.09776643207492818,2.0,0
9.824190398578317,25.328524990426434,59.95498778020401,1.0,1.0363664360882892,2.7544256409560166,2.0,0
6.582747052700286,29.186154787893315,44.29391774926711,1.0,-0.953311648223335,0.91367190476804,2.0,0
70.37311344947508,50.99173678086474,72.74448173744219,0.0,34.37099847177964,53.592673963988865,1.0,2
10.962100862679073,26.07149489281918,43.365571770154254,1.0,0.7645246158634935,0.22096151581382273,2.0,0
17.28168595944559,24.194076465041825,46.06571781698566,1.0,-1.3402726387789203,1.7984440727805115,2.0,0
30.21569972706763,34.13874222644168,50.725997555230485,0.0,3.2867984930073915,11.285796909010372,1.0,1
79.08182938536306,57.77676774119264,71.33293155318421,0.0,21.106546894253043,117.42148430105044,0.0,2
41.666520748686054,35.6703566025291,71.54570327061506,1.0,2.3263291793247305,25.765037984471828,2.0,1
21.99520044586422,20.71429640417326,44.35782759253488,1.0,0.18882979586498672,2.8038733419257924,1.0,0
19.632419915357836,25.771674678633484,41.84721056222757,1.0,-0.5415138348788545,1.524996349442369,2.0,0
10.669485918749452,25.205809034918353,51.987194500843316,1.0,0.6578689363815081,1.9851719457182657,2.0,0
27.580631435609785,40.78209977327085,70.894685911305,1.0,5.940957737015192,48.08129508907082,2.0,1
7.82681726885335,28.49265620321033,58.634808066330166,1.0,-0.5956729973517793,0.4972799339631582,2.0,0
65.16247028677752,64.14898413557532,67.6614058900863,0.0,8.738216868757892,77.12873139316198,0.0,2
16.049386823222008,25.414872130171858,57.58660431356948,1.0,0.9038704019675112,8.099314305495882,1.0,0
85.84398861712906,54.490291794340095,86.42628601942727,0.0,15.886917311282476,92.1619770917023,0.0,2
16.193681189193235,26.10668666709267,40.779156926969286,1.0,-0.01844767396208642,0.5690887964788488,2.0,0
12.456462126223038,28.465529963401835,48.03752542473479,1.0,0.7513759936287863,3.5866379024467516,2.0,0
17.05402883066558,23.104539705865292,58.52119119636531,1.0,-1.8812414804934057,1.0741321374448614,2.0,0
15.455122853885886,20.74727727058263,56.29342009419979,1.0,-1.9813175330659765,1.9026784192392814,1.0,0
19.760632591942468,27.013386917089115,56.96943548812529,1.0,-0.8351681592650495,3.6686494920712818,1.0,0
93.94572567525373,62.06049054114308,87.16165317775025,1.0,13.03115917432262,90.52866831962659,0.0,2
78.28189032990232,49.89957584177977,73.46998547929185,0.0,14.037315791954502,77.99825000754079,1.0,2
15.610531433435279,24.177147118019455,41.82843983634277,1.0,2.2046763881812437,6.717238779425299,2.0,0
73.41357549345506,63.03280662138682,76.43684926681485,0.0,23.45048543451697,44.7153628642162,1.0,2
83.23801881312184,64.32015277727255,77.6932386687287,0.0,18.412941946227896,53.50250851916509,1.0,2
43.14870160627895,36.70708467848943,61.59329339828302,1.0,3.734626804654445,14.905384096213444,2.0,1
14.168818112566063,24.951462090183483,45.22097052469696,1.0,-0.9740472294208213,0.4103806498707486,2.0,0
15.532995233263103,30.168655166856485,57.74849070740721,1.0,0.6587252005506263,3.8599202730847035,2.0,0
10.517959108304595,25.595717073682042,43.89916542997261,1.0,-1.113579555646102,1.5503821606312624,2.0,0
41.176841953935444,39.05002842492458,66.39871777095979,0.0,8.444192164865045,9.47831109859311,2.0,1
16.09668383348187,21.49242078800612,40.503981896421394,1.0,2.2126685464647835,0.3173067807892513,2.0,0
13.705581991087776,23.27684971967375,46.87915373115371,1.0,0.918498321003768,1.4166784728249842,2.0,0
10.261969476867572,26.152012711477,50.96290405456044,1.0,-2.5937743342551305,1.7569354626862856,1.0,0
73.50268004337894,65.98246095944187,74.3603604829551,1.0,30.05345651457677,64.05988060575413,0.0,2
6.627147443842749,29.336302917735836,56.33310486403247,1.0,2.7296576809688964,1.465312172321433,1.0,0
90.80550218583738,65.02925221185436,75.5115814510616,0.0,10.926022962258626,119.31004392517126,0.0,2
9.13392724699072,24.85147696705843,51.27785842110805,1.0,1.9332951378094534,6.561174051346949,2.0,0
86.95697829682986,44.59511860244837,86.39762296351847,0.0,23.450670993874635,100.83974770751796,0.0,2
73.80287208827852,46.03539413279886,74.32308711338699,0.0,22.69479613124804,117.20898034025033,1.0,2
7.52726637180292,20.578232148719554,48.19345738585038,1.0,1.6795316678300718,1.9495567031471808,2.0,0
15.606229216957853,29.57951836651024,46.32914261748832,1.0,0.14615116544595455,4.223644235788059,2.0,0
31.5528983299606,38.58786768801121,54.89946806229169,1.0,9.378714565309151,5.963109722265825,1.0,1
21.10381677340086,28.567431590079078,40.88131723140763,1.0,-0.995154235829232,3.4193314486929447,2.0,0
11.748685790262819,28.36562967070171,48.343285579514045,1.0,0.027070878702336418,4.483705823731064,2.0,0
15.320598613509272,21.060619363814226,50.767262042020455,1.0,-0.8766014648940466,0.0700683709658372,2.0,0
6.8120815152358425,25.031259933992263,50.04743639944191,0.0,0.05140772130033334,1.7026123134624598,2.0,0
26.287546551818785,40.4443517595349,52.08256457779491,1.0,1.6361557542685166,14.199304242297647,1.0,1
42.10890146042793,37.094415646177,60.86505921794979,1.0,5.97338720313128,5.401656256409749,0.0,1
28.774632110703177,39.29086597357037,73.3993521177681,1.0,3.9498568904396114,7.928324251987812,2.0,1
21.549312476015746,21.887278498156583,43.285736865448186,1.0,0.8265255903394493,3.6581328762507708,2.0,0
7.839712434316148,26.64045427699726,47.872710405548844,1.0,0.5143895659820139,2.6400234417940673,2.0,0
62.127121416936504,43.140831959534566,74.07471390305385,0.0,19.73582781524257,37.08183382822835,1.0,2
58.093753954645614,44.27430172047225,85.78121819599423,0.0,15.781699891444243,31.89803099662761,0.0,2
19.667550318234888,27.943627337526422,40.68862617146629,1.0,1.4502106563758166,3.745114001599756,2.0,0
42.42209346902274,33.35040336560434,54.63936506862619,1.0,5.538573666356894,12.631119707916874,1.0,1
35.939972642387644,40.502468028194166,74.54023568330035,1.0,6.767833131235039,15.758122065658412,1.0,1
91.40575547831838,47.75384657281526,74.3270800935327,0.0,15.315822305032706,104.0867751553337,1.0,2
43.06262889619203,35.19017244630239,71.44502343206477,1.0,4.234979828076942,4.321287415017925,1.0,1
20.964150874719238,22.29911534881791,49.50951430465467,1.0,0.22094700058362599,1.596980749952853,2.0,0
89.73977851762572,44.127774888009846,82.65653495985742,0.0,22.18850078950601,83.00105559413957,0.0,2
15.940820818340924,30.52964055985378,58.32978302231028,1.0,-0.44680020743529186,0.02656174129660027,2.0,0
13.273372004219949,25.31054617777695,49.007007715615856,1.0,2.40803394354271,0.07789943923876327,2.0,0
7.371395631084711,21.456637017912875,44.41008526871294,1.0,-0.3257382107052849,0.5923531259665445,2.0,0
27.530488588803962,36.3441579766458,60.03037069278322,0.0,8.477558009483129,1.3285509430151894,2.0,1
6.8121703032741205,31.77431034996939,55.637818259937795,1.0,1.2963725770479548,5.052794691745047,2.0,0
6.022419824213348,27.484917018368108,49.48617329736861,1.0,-0.7724080596499087,1.2117934539948103,1.0,0
15.080164474393767,28.22161171849381,40.7853010329732,1.0,1.030434948148016,1.4098407281207543,2.0,0
5.108559819186171,31.36508800530223,54.12743993619992,1.0,3.7948916238779287,2.5449829969661577,2.0,0
20.21206495727003,30.158172064283335,43.414167266249606,1.0,-0.28566927889382515,1.8523662420704285,2.0,0
5.634919208736645,31.573719846809738,50.62588036701864,1.0,0.001133261181893322,8.839525718446763,2.0,0
18.59753935110436,25.495949108042858,51.93890446826345,1.0,0.6325753995046455,4.105399698775956,2.0,0
12.001295540503566,26.125189868050786,57.50267237242304,1.0,-0.9969766462530938,2.048369143981844,2.0,0
5.197549178437711,27.78205784142426,46.27406249514313,1.0,-2.6912877998241544,4.490362265419121,2.0,0
55.054189294055085,46.63706623998151,65.07783169120148,0.0,26.99407240940129,33.246434502890345,1.0,2
20.21851624068239,29.92048831689785,51.12929274697644,1.0,1.8181938063502292,1.2363635743892754,2.0,0
37.37026993243408,41.8821329979173,73.29471357627935,1.0,4.242147693858564,0.938880817865175,2.0,1
6.2773422895087485,29.517714487960873,55.317172877694844,1.0,-4.061315783071766,1.8438905537372783,2.0,0
18.096926102732482,29.993964521459255,50.89261742214272,1.0,-1.2223022233640162,2.857018523237226,2.0,0
91.64025672714612,44.925667409280784,76.18279983595639,0.0,19.539464375095847,34.04989623441831,0.0,2
25.998123965589194,35.78330499425957,58.65998299407131,1.0,3.17539823919677,0.9668659386429181,2.0,1
90.46201131054889,46.506704040885715,65.62470993343403,0.0,16.42309894484331,55.620574065675925,0.0,2
16.815598890595403,24.62717111016,59.177437463808204,1.0,0.2135668687656994,3.065707142074572,2.0,0
37.00769213615866,39.027507070480354,72.13072460527931,1.0,8.601470667300559,0.37923277626342555,2.0,1
5.430962638062778,22.210698070856314,40.127580868131815,1.0,-1.4974601629365825,2.3450104105438347,2.0,0
9.390154601082292,29.580564086220228,46.114879148945825,1.0,-0.49702844863177376,1.8497065165795794,1.0,0
12.279130521394343,20.812020342800018,59.42301814736572,1.0,1.0085840064170737,0.5579235230657652,2.0,0
17.393121856696784,26.50684646590218,45.62099500333778,1.0,-1.5634073820708725,0.10202945538477529,2.0,0
13.182850577800501,21.859103733721312,50.75080287280693,1.0,0.8096467692425131,3.307262213942118,2.0,0
15.5452623730089,21.705645485521494,51.31489901226578,1.0,0.5406625144391594,12.57353780106622,2.0,0
86.12759418453945,55.75989056300247,72.24002776369464,0.0,21.169619633490633,49.597173703481324,0.0,2
15.035014022751731,29.277702487024058,43.48818534222999,1.0,-0.3236806894923294,0.8799651524564258,2.0,0
13.546246631572146,27.363249370849502,56.526816219003734,1.0,0.20649291130206915,4.5982887897998435,2.0,0
26.28427908015891,33.93091649983886,64.34560172972351,1.0,5.475866886210077,18.43632671354935,2.0,1
20.59433078285813,20.87697874432418,54.904294853816694,1.0,0.0457146208809433,4.805837598160996,2.0,0
16.849267596919553,22.416365385631693,48.26345034415439,1.0,-0.9016898290032702,1.1209299164379514,2.0,0
12.164217360072465,29.241898541085153,49.924784438016275,1.0,2.391266934306018,0.589498478181411,2.0,0
12.623573873631436,23.6570131446336,45.19656275880599,1.0,1.107355846224243,4.8871577158413695,2.0,0
16.303499316282707,29.080762004822816,54.0219517472854,1.0,0.33589031091990956,3.974181867243998,1.0,0
55.61637185865906,50.159914460689464,79.32181971502061,0.0,5.259728769610632,91.40056012937497,0.0,2
18.924739400461394,31.937831527591413,54.586196009544125,1.0,1.0539899977489586,2.2349037251881243,2.0,0
44.67457155651714,35.665390214374725,59.17170985715573,1.0,11.588279059140847,5.339942447854255,1.0,1
38.00520049000288,39.251468504640556,69.95427006544614,1.0,3.405311662714732,5.965993838761012,1.0,1
92.20054728625568,46.47364839856871,74.43471512152124,0.0,24.190433883084353,41.23269121465516,0.0,2
42.36342986066148,40.32008996140598,58.626271733051425,1.0,4.543229663864972,16.883735480649847,2.0,1
7.944431788470258,28.52291358347974,41.682553245187655,1.0,3.73827599790103,9.447146623968514,2.0,0
13.812936373068469,22.35703059046421,57.26863155578769,1.0,0.9320201099536534,1.081284299311883,2.0,0
10.359935743120376,24.46068879682812,56.238924692757664,1.0,1.2897503422011867,2.436179574607317,2.0,0
37.443696648444664,37.427463443484214,57.25743707610086,0.0,1.1152378568544767,8.458039241607299,1.0,1
18.771927709546073,26.23263031404725,43.63557734434724,1.0,0.03807791695840757,3.4562752341932885,2.0,0
37.8791753843544,40.10229556163621,55.274232242792486,1.0,6.290693628102944,19.00701180319362,2.0,1
57.88737907650629,57.63675072557223,68.18565588997866,0.0,17.577158556735267,55.072325950374264,1.0,2
29.125127263084693,36.1819340030711,66.83791318680272,1.0,3.1327369265320666,54.934317463367584,1.0,1
38.37185259273976,38.396761296620696,55.463711538014074,1.0,5.315545952135297,6.802540596427065,2.0,1
15.894047349733507,31.680591429977852,49.53966785235308,1.0,-0.47412444168446,3.082749309289853,2.0,0
8.079538942089565,30.898741864403874,52.06426124199009,1.0,-0.8870920947570711,3.381553899330383,2.0,0
21.365023049524726,30.727876520094444,59.56709574113714,1.0,0.7781895261775819,4.38822967949744,2.0,0
82.67111406243616,62.6023675144962,68.97337406178663,0.0,16.997183495022984,30.55553004351158,0.0,2
19.06814422463686,22.526083275984114,56.213671406751835,1.0,-0.6424773866966336,3.246421373070333,2.0,0
42.95651390125001,40.982391566854545,63.07468270479274,1.0,7.527135434391432,9.455062525911316,1.0,1
40.83054741846418,35.73663256302231,70.48296905867412,0.0,8.763159384143776,0.7028356559542707,2.0,1
16.85614454319628,31.114328821181385,57.144618747395825,0.0,1.7866360247192874,0.8054875994729058,1.0,0
68.40184682040731,48.55965440492221,69.43983173092938,0.0,11.333257401505346,90.53590473089864,0.0,2
62.84628642030894,47.33394825528457,75.72390504569958,0.0,12.302398535609974,93.65178179284774,1.0,2
18.528475380413717,29.264149715719885,44.62761272753696,1.0,3.0807280351298933,0.33776560249596543,2.0,0
6.231597092507501,23.208824334290497,52.71290643905226,1.0,1.6247178189911016,1.998984728602374,2.0,0
16.357447321700985,31.56199089065106,54.700503723796466,1.0,0.23813407640631423,5.120202758491329,1.0,0
82.37848895043432,60.91317940553512,68.58224447537572,0.0,14.78192383826087,87.22275069089247,1.0,2
7.57847295545677,29.534186533888985,41.19174194706287,1.0,-2.8495054212883217,5.909319066718715,2.0,0
8.241691251282331,24.998053182846547,41.19234650689318,1.0,1.2304475617634472,0.7947505018015321,1.0,0
60.93239353467646,64.07959066643377,71.19354395560032,0.0,14.90384080966963,54.79778637168852,0.0,2
17.053786449281354,30.669535087280117,51.513305059948394,1.0,1.660065636430976,9.675611805679145,2.0,0
16.08334141154421,30.877249440132932,44.530432520722115,1.0,-2.098617642276713,2.421917081740233,2.0,0
11.943704622201878,31.81830083314971,56.87758822461858,1.0,1.0427478724952106,1.9269045962464229,2.0,0
32.67836747989787,37.66366448108799,54.07116438197737,1.0,7.369494105751937,5.152735543943863,1.0,1
19.04314971429298,28.5812019354044,57.28732532911947,1.0,0.6122038691675346,1.735725336051623,2.0,0
7.839577083565279,24.91294486180422,40.21430595390718,1.0,0.42305132881401375,10.652309007216461,2.0,0
34.47285970388839,38.39717682805254,64.4958185316716,0.0,4.3631575310137425,27.425510715921128,2.0,1
21.513716598707873,27.862084574292055,49.50200681383441,1.0,1.451691703505139,6.089170750084711,2.0,0
11.454770938843538,23.519703329366777,58.82948475012131,1.0,0.40377138038273985,3.6932487962366896,1.0,0
21.164680558256975,23.429099895112472,45.68368591423457,1.0,1.4202113497678057,9.309855984254124,2.0,0
7.037711244672607,26.72792113299405,48.934290545170406,1.0,0.3284458737839626,3.1813381593676526,2.0,0
67.35021765274358,65.08013004683656,82.33246325698839,1.0,12.890449004990387,26.855281628207308,0.0,2
6.130436545235217,23.592747060460177,53.4450137458839,1.0,-0.5485156237957798,0.7720435952437594,1.0,0
14.384802074483664,20.016243508585617,51.01063361192451,1.0,-2.7603995771933527,0.4193577740905059,2.0,0
42.80799307394638,33.86625524913953,56.79346291211204,0.0,7.516616630709624,8.886792216365063,2.0,1
11.763545183777609,29.486117531298618,46.76168818732523,1.0,-2.3174038832301007,1.489674141110561,2.0,0
27.48183149612845,33.84800140872757,53.176331255950096,0.0,4.23908704193861,12.633958013910803,1.0,1
9.958263838058155,28.11231545663057,56.28767841338163,1.0,1.0537999709007835,4.503919865538185,2.0,0
10.300874262449412,31.966854798843233,55.23779788754968,0.0,-0.46901575447991395,8.46036818912765,1.0,0
47.00013822879421,33.12243955905601,72.93404962663192,0.0,3.5147903347552463,0.22682689003237172,2.0,1
8.853158837858796,31.986711344399488,52.85554826959856,1.0,2.9503754437623804,1.0709983249246227,1.0,0
8.753083417408927,24.00859958802523,58.695910349855666,1.0,-0.8081854568650663,0.22160724335843102,2.0,0
15.458730449927184,25.276885838094902,50.20920262692883,1.0,1.7699827945346798,1.4810502701311856,2.0,0
15.796592064749944,25.511182366078565,53.23437365287913,1.0,1.607273903371558,1.3596041003217352,1.0,0
13.306934236879318,26.860951797724987,56.425003091194085,1.0,0.2704423207551666,6.239153489417861,2.0,0
89.0621277770883,50.236742216813404,87.95165061334698,0.0,13.178814231437446,54.016562718011436,0.0,2
7.325916725622344,27.468119175406954,44.64449381802686,1.0,-1.3458795092418852,2.2272496987788215,2.0,0
29.73840029870165,37.14059615062156,62.318722403233444,1.0,1.6578559996107307,32.42691153135553,1.0,1
21.131054133306666,28.976878153154384,47.02438774697562,1.0,0.5970723247638937,1.8690493823336876,2.0,0
19.700280396335906,20.61362457730521,40.02224188392375,1.0,-0.9896229618809487,1.2145003559760135,2.0,0
20.329953866302198,30.058765052981606,50.09005848109672,1.0,-0.0480635560207303,6.9604659287665225,2.0,0
20.20124486929001,26.920428786293076,45.65530914120197,1.0,1.1549530970028339,7.277544270157033,1.0,0
19.193814025588082,25.68571794077536,43.972891537948115,1.0,1.4437543287001526,0.653223122167171,2.0,0
13.35746987698615,29.82876216633987,55.145659565510016,1.0,0.37417641889510833,0.8704688417284376,2.0,0
18.882190471016813,21.714203447610064,58.04806552221349,1.0,2.213818725755948,2.9775311789955197,1.0,0
15.77000508293521,30.077627427627405,50.62909828378611,1.0,-2.2402646673797153,1.011377007536534,2.0,0
83.73072931159055,55.6265946044999,74.28021193145162,0.0,16.063532683659947,112.42494680952062,1.0,2
14.51402761927754,22.431591609624117,56.01877443082861,1.0,0.7483247921523191,0.5019763250178354,2.0,0
15.428058330908428,26.088943264613707,51.278391335112474,1.0,1.6244999077753026,1.121905018392122,2.0,0
9.41682454866558,25.81445594096013,45.15263997527058,1.0,-1.7563873407111805,1.7463623740827776,1.0,0
8.909228300148465,25.02000636922736,54.789384664774545,1.0,2.0089898842199996,12.059596928072054,2.0,0
60.01119748149378,53.01637504432579,71.43013312352309,0.0,22.738392747792044,90.75001279232214,0.0,2
77.3792551320301,60.05717804409244,65.56152924091111,0.0,5.88044295634635,88.25637168549834,1.0,2
37.7176372083528,33.04033523992976,61.13513571444587,0.0,7.292219801945553,4.306597361055021,1.0,1
10.361917227716216,24.45760715149252,55.880289005319256,1.0,-1.5750821847347793,1.2976319694192948,2.0,0
45.855074569168735,36.83652815629081,62.1185339349923,0.0,4.94063945999266,4.965873187270585,2.0,1
90.22854989772767,62.447311895828854,78.54297254471075,0.0,17.371077804357224,47.26152023677076,0.0,2
45.21842610470175,35.59946486927648,68.49554085913991,1.0,6.4065540083753865,42.75779491202457,2.0,1
5.988784523593089,30.230569054951644,50.17918080844095,1.0,0.06609385110989903,0.28511554220722407,1.0,0
7.285049507962562,31.472565723343198,51.73247836567325,1.0,-0.18977834543092545,0.20109437789788606,1.0,0
34.00065523872243,38.057082927012836,51.79126535578712,0.0,6.499016597851967,0.08586672346065644,1.0,1
84.57408183228085,48.75181552759258,74.18250090239113,0.0,21.605482694492007,84.76047186316521,0.0,2
35.82245417905743,38.32304938298722,71.81301292115455,1.0,9.806422968950871,4.121802682189263,2.0,1
21.04147064284918,23.989473885784545,47.866413407703774,1.0,-0.6992829179193344,4.973887387089447,1.0,0
16.554003805782187,22.456161308687406,59.22833239284099,1.0,0.7380214208503478,0.5205006726805582,2.0,0
18.105671358948882,21.35964205672957,47.046541085050784,1.0,0.6485290713005099,10.782288111046112,2.0,0
11.27153187268613,30.800998196197767,54.60443435514499,1.0,1.4676867084998253,3.8276560496940335,1.0,0
14.18020254827668,20.484209922316396,43.61315082622606,1.0,-0.023344633305440968,1.1993832515899405,2.0,0
17.49620774466606,27.837953486375397,56.34610624426473,1.0,0.2701065565439722,0.24534601242935986,1.0,0
88.42093978956254,60.889240886826805,66.34566448333703,0.0,15.185576292337089,107.65214008297131,0.0,2
87.1171857888647,47.939934621026985,73.78444648499129,0.0,29.410594252209265,69.61016681842345,0.0,2
8.534066337482464,26.25555257184967,51.985985740127774,1.0,-0.43185911530188037,2.098874417762424,2.0,0
19.113737697638857,20.119085853534028,51.34781888312147,0.0,3.2145105818773647,0.006429643168655179,2.0,0
6.925046779292839,20.75227545946239,51.09463606564709,1.0,1.981493684311065,1.4087200736488557,2.0,0
11.111349570735838,21.97647624118755,53.163196485951474,1.0,-2.5001451101837966,0.028166674532526075,2.0,0
81.40059974632135,67.58201506437935,73.0060477417887,0.0,20.196879155794093,81.85874254934365,0.0,2
13.29351874674816,25.85401182252815,59.549131263676855,1.0,-0.0869459995024538,1.7402281202689616,2.0,0
37.87634519843181,34.75527208610239,69.88908406255675,0.0,0.41140924064629214,38.12661328382376,2.0,1
47.338032169097986,33.7008305787573,57.24842734155945,1.0,4.954601425914059,17.67649367827105,1.0,1
71.81789489779734,48.83144103634995,78.75981740189219,0.0,25.654630924549934,25.949408611564223,1.0,2
15.967937436960648,23.584706883065277,53.17322709879534,1.0,-2.0723875776953715,4.575232507324923,1.0,0
81.31230837483393,46.38406154400644,70.77896075974392,0.0,24.54616745514886,94.8578055723492,1.0,2
11.616428538480772,23.360447954605874,47.22149452682074,1.0,-0.4655864870663482,3.8260246433297844,2.0,0
13.310391864367643,22.944227769994534,51.28833175559495,1.0,1.9711124722869062,2.815289446921672,2.0,0
32.332362320262675,37.26185682209002,53.427579701858214,1.0,4.239765717809965,12.019252753874714,1.0,1
40.62639682468799,41.72011545402634,64.48514077716636,1.0,7.176133511605517,5.3629176535945655,1.0,1
29.201980692361804,34.68460748089641,61.30020719967703,0.0,1.5639792110691086,4.614034944354644,2.0,1
6.211364372009396,24.466079062962766,47.88958781677715,1.0,2.8779095008143116,0.4871837363765501,2.0,0
47.078346773420535,36.90042763303447,73.58758839083097,0.0,9.708614934778788,13.73707365815797,1.0,1
14.294074748835754,30.643098802511233,51.93821381093312,1.0,0.20378913612248534,1.167321949179764,2.0,0
30.118184997474373,34.36045762369404,68.55231481395612,1.0,8.785166037408512,21.88477389979885,2.0,1
41.14682037508927,36.251185146369096,60.68577677900536,1.0,2.4983715431569227,12.327122871859583,2.0,1
7.732918232821239,30.278446684975123,50.76789958573915,1.0,3.661832583707871,1.7606639922384888,2.0,0
91.6354755361564,62.80264448537395,83.36311142706879,0.0,24.565001013690786,37.83398287655443,0.0,2
18.845964204011906,28.32980688211797,41.01146207648458,1.0,3.96301786573893,3.1149643723744784,2.0,0
13.36872355961659,21.925551371254716,54.145578238113345,1.0,0.4869873532537775,5.799577834152748,2.0,0
7.063543970181291,25.629286532570944,45.58016580695593,1.0,0.8610628963260452,2.915644832807059,2.0,0
14.424018892693812,27.6160552790473,52.07057613002242,1.0,-0.4817385580585537,1.6070757422786195,2.0,0
5.349936403028641,27.92363263641606,51.42520939874195,1.0,0.10255734895148813,2.8571819750949263,1.0,0
5.552945051351283,24.15829001543262,42.8239812707437,1.0,-1.6966008532538814,0.832505126932144,2.0,0
57.574967221118534,55.499588290120876,70.54368384372628,0.0,9.197796291367688,27.120672925283174,0.0,2
8.268913319747403,27.74986863543781,48.860674126752386,1.0,-1.8137980668594091,8.262726329055353,1.0,0
10.960657830556073,20.184738700295703,53.67740249818064,1.0,-0.11624144983948188,3.712541539338855,2.0,0
29.43334940340191,33.2955188617549,66.02999083080371,0.0,8.727862190081082,28.376009933763733,0.0,1
19.713621140197667,29.530527950592866,47.834849011245566,1.0,-2.248771802936547,0.8242073806027331,2.0,0
40.97745608381659,33.914009430862606,56.477455134552784,0.0,9.059785816283265,9.189368382322957,2.0,1
43.867935346093205,36.25431239778278,54.51939887101817,1.0,5.599422793642535,11.013403255235513,2.0,1
11.181703240447998,25.979068187161445,55.077361654198256,1.0,-1.874730509384046,3.6090505557256165,2.0,0
8.658431824293038,21.64578185783292,59.90843025850912,1.0,-2.1343153617173316,7.401542197495657,2.0,0
44.72054147296842,36.22332179761524,69.32846682213193,0.0,2.8460345572823105,3.1362152999219655,2.0,1
19.766593855245382,22.152376184146526,59.11298934532979,1.0,0.38605965962602407,8.449048256608117,2.0,0
7.019904576557223,25.215151530304542,59.83925494477286,1.0,1.4337041176687213,0.32623769692382976,2.0,0
37.4086512016388,38.91653735545197,56.628725055425264,0.0,2.180361678259807,14.234470400727293,2.0,1
32.097976677615044,35.77959428228213,72.24284300310994,1.0,8.371853156519933,0.36268905749370006,1.0,1
21.060444378953974,20.828091111353796,55.510105934379986,1.0,-3.185989227188453,0.3322002413791425,2.0,0
13.374626772944605,26.861268224579867,40.324007946789344,1.0,-1.7207392665175671,22.83400835514845,2.0,0
27.37591098970544,40.92262136712087,61.082149651980984,1.0,14.527781184031378,4.8925128238286515,1.0,1
26.200254815226344,34.677001287099664,66.73746441376736,1.0,10.03762500953315,1.7871640202189811,2.0,1
12.492966697949878,28.13375840372053,42.70434627425709,0.0,-0.2662378256614248,4.630492488319214,2.0,0
14.917269006651713,25.320560172550252,45.060526818405066,1.0,1.0249867672741377,0.34491096805396726,2.0,0
10.739457913861674,27.241851999157458,50.03035920700333,1.0,-1.2627324478022284,4.460813111441165,2.0,0
44.12301924373236,39.515958457302645,61.302338059759606,1.0,9.590289674941316,11.689686279201226,1.0,1
18.65144026315528,21.68389421832218,46.865509781288964,1.0,-1.9055430694876292,2.28447439684103,2.0,0
17.17456146179429,22.038572072608822,41.991594270800576,1.0,-1.9364133292398362,0.16130622568943662,2.0,0
20.453552851315898,21.264718617293664,54.30250039633776,1.0,-0.13931175208957908,1.9344801033807975,2.0,0
15.362593677658246,25.282387975465888,53.27047187826905,1.0,-0.1635351299451957,3.8437623081128667,2.0,0
18.767865579528795,25.26979779960498,52.601862537233266,1.0,-2.133344474259311,3.901377803394321,2.0,0
35.17683132085092,37.39666518537744,65.07111866965877,0.0,7.5932553929278495,8.072843728878043,2.0,1
90.19838895148669,48.60867965929411,81.33052282450424,0.0,12.370920892672547,36.808940497417254,1.0,2
32.15864080930773,40.20561290771534,62.977293258493205,1.0,-0.6890299221899436,6.6247150479242665,2.0,1
19.622080752216476,27.32008900495383,42.64537430196963,1.0,1.75675144905922,2.243711587353661,2.0,0
40.95360133673591,35.55461533511523,72.20200955647013,1.0,2.7615782412763643,15.268667021053954,1.0,1
33.78680109945923,35.62959123043841,68.94844349015415,1.0,1.3523926645564845,7.3435420368295645,2.0,1
47.72556266510645,38.754517973127015,53.43043079025165,1.0,10.628664316617355,2.675627257832685,2.0,1
16.721954767536538,28.304883764292427,48.754336498670824,1.0,-0.9787924398249678,2.5816985886140325,2.0,0
10.88089487329837,30.74415306983803,52.46420746136014,1.0,0.4657091312711271,0.675812296559082,2.0,0
5.521092537498703,20.821504632002938,56.236134367017726,1.0,0.08279886379513382,4.250382227679222,2.0,0
37.821914626440034,38.67679498236691,60.4563888314012,1.0,3.669678272438819,5.523452302005378,2.0,1
5.431568046225863,30.682580031634092,53.38438059849733,1.0,-0.42075308011742607,2.0088325980296386,2.0,0
32.93209702494382,40.492405269775034,70.22318268044478,1.0,3.240305488661539,3.5598431008352875,2.0,1
14.661246256703018,26.722018201542102,47.25119593118189,1.0,-3.7834168762319256,5.623156661331269,2.0,0
11.948480908667639,22.390583298728636,47.108786747281236,1.0,-1.1211834809373182,1.7107061126946097,2.0,0
13.836157125452301,23.92091050436049,52.96929113800474,1.0,1.769913195057696,10.47269577265709,2.0,0
13.692820780635943,30.554982259418352,40.83830433432515,0.0,0.7963414713239241,4.717245413060169,2.0,0
17.639640356957333,31.742305620669686,44.972097692266125,1.0,-1.276326133558348,9.614888858445223,1.0,0
11.088766206558288,28.022871760674967,52.99576093528599,1.0,-0.49170968981478436,0.8238103963179626,2.0,0
33.773144888429,38.424568204568416,64.38688194715913,0.0,2.186147252657694,16.789525990305933,1.0,1
7.856241531662678,27.143639191129868,51.30831879505076,1.0,-1.1055440417290456,3.738491670131555,2.0,0
26.04028151116494,40.32265092200682,63.56025321695772,1.0,4.715564007021586,38.77130543651658,1.0,1
45.15916910100941,36.749686651074704,58.14588987112497,1.0,7.362994299456686,2.386970145329078,1.0,1
38.14246204001739,36.12657625575305,57.6985926915483,0.0,2.593208203423427,17.144781025314074,1.0,1
42.4566881302001,34.66700997747844,66.7679881426762,0.0,8.352854259791256,8.682976158718942,1.0,1
10.777874384057125,31.91906018507557,46.57645235697218,1.0,1.5725998317203116,3.745148019971767,2.0,0
5.086046925385718,20.784393890772623,41.00699053938706,1.0,-3.3990781412239244,2.129730864612567,2.0,0
5.983325501577738,21.53440161466901,44.999457817376594,1.0,1.802897504309315,1.0563426726281717,2.0,0
14.342002110215288,28.849113029248127,40.542133046724665,1.0,0.5955700048235999,3.7976106898344884,1.0,0
16.61539898221313,28.511849941671315,48.610716418260736,1.0,-2.1359371682964103,3.1387450162837447,2.0,0
8.328449291418039,28.114130744905207,51.767044419663065,1.0,-2.017521725896003,5.8766966272762975,1.0,0
39.286068357511624,35.91120601257447,51.07093302972496,1.0,10.79594278077333,1.1298546911161609,1.0,1
72.92423187864344,54.691453104701026,73.31577640501601,0.0,26.764912309734676,39.87231411814629,1.0,2
84.72331347799431,51.19465172904392,70.34344715923433,0.0,18.864698176678093,116.87598365027934,1.0,2
13.09230819926903,28.006548046330174,47.41947425184338,1.0,-0.7259001674268495,0.9831898593427209,2.0,0
36.48630491174563,41.741666046856906,54.799387646480945,1.0,6.206042128951615,8.873898572474994,0.0,1
7.696286789982253,28.747772739869795,40.198213909823075,1.0,1.3921359164866218,0.7008203522696516,2.0,0
14.12856518918803,31.602145997591425,55.0422866539395,1.0,-0.9108921211291268,1.1646606140238984,2.0,0
59.35778733350948,44.721438440188535,85.45476507649332,0.0,17.342070905295245,28.16765129660105,0.0,2
34.675691451941354,40.31936071215589,64.78356474496604,1.0,6.715698378426228,25.306107769237762,1.0,1
8.171639408872199,25.706552449841922,56.27446687444455,1.0,-1.7542209438045249,0.09712569017295578,2.0,0
18.34799134368123,26.3636255989899,45.264946930360225,1.0,-3.1286886583575058,1.674232801832698,2.0,0
29.698089441659125,34.02703281468101,59.59305436798636,1.0,6.735830796652823,9.884693205020628,2.0,1
28.238672828138988,33.626236051892214,65.12507653345082,1.0,3.0067266520219356,15.304609994304851,2.0,1
8.009178232704695,24.915546738742783,42.51099579796954,1.0,1.3798072739316454,12.213921802245979,2.0,0
8.15393376695306,26.22441193256714,45.479761989399435,1.0,-0.04727776999215623,1.0157161177283662,1.0,0
19.31456600439916,26.33212959466034,48.41473125137234,1.0,-0.17650095328928003,1.7054838462064306,2.0,0
21.8498666443286,29.730542972095023,50.88514674030502,1.0,2.475859444849272,0.37621388583918114,2.0,0
29.3043357236312,41.822898654550436,52.75582271803082,0.0,1.9083961991119756,8.993906285157864,0.0,1
9.032855459511907,26.832528334187394,47.745488228496825,1.0,-0.24762084750456914,0.04372908712290503,2.0,0
29.545898965751153,41.677312162790024,61.16803889974684,1.0,5.164245828729856,10.006398232789618,1.0,1
16.694057279113828,20.620024659895535,57.51809849999789,1.0,1.6421977533409877,1.7723908322244306,2.0,0
7.171129221798992,29.65296871612968,55.95609362682145,1.0,1.7673792713220036,4.204875646465373,2.0,0
6.375627811871287,31.531041763145897,43.32369999219498,1.0,0.45920182965413303,5.9503079520603555,1.0,0
76.8463247696794,57.58301195609427,69.66829652577621,0.0,27.720952109740246,105.34745138119143,1.0,2
13.936733099145659,31.493477611858445,46.12830898702073,1.0,3.2949690824684312,0.4985655949155584,2.0,0
81.85339199269238,51.49190846364172,77.44463117836817,1.0,18.20861548856674,72.85565106059923,0.0,2
28.402958991801327,36.85315245639128,72.07014197971212,1.0,6.320008966101135,60.40105425559804,2.0,1
6.769864039530828,23.903487420340973,58.588069676983075,1.0,-0.3387101236140628,0.2865091643146866,2.0,0
78.14835103463994,47.16833119513358,85.58835194696506,0.0,26.001831371158964,114.97339085150603,0.0,2
39.04721538394912,34.10466049207158,65.37275214504852,0.0,5.955167761736777,18.187996859813254,2.0,1
27.0906747339146,34.84001730359097,55.90815044023645,0.0,2.20436389200541,7.845402862271266,2.0,1
80.50201681250138,56.53253290640804,77.20746107527397,0.0,20.77351397575829,45.15695323534625,0.0,2
12.3250879022507,31.293449750404083,42.387620226763936,0.0,1.2010529213183652,2.2339682196703117,2.0,0
26.467998798323414,36.144826014244096,67.11081723953997,1.0,4.612112170221328,18.510799079263386,2.0,1
34.19168509736052,38.88208637412992,68.59655362214997,1.0,9.919662203203501,0.6710621830321774,2.0,1
12.746164797357121,27.32936085290922,54.68302518083293,1.0,-1.325998285119661,1.9864936032780594,2.0,0
76.97116924414064,67.90167387986992,69.68561662440186,0.0,19.024232896527042,104.79087568287373,1.0,2
9.706072552995877,29.89691884816409,43.72839609707949,0.0,-3.428665866742425,0.7799763516482774,2.0,0
25.84110568434804,37.50626965015779,68.09365963519464,1.0,8.155235093329889,1.3070663698194458,2.0,1
15.483055346852547,23.17131515790367,42.17365078749384,1.0,-1.6119915591492946,0.7883398488826086,2.0,0
34.76772030903009,39.92640136165259,72.35974634246227,0.0,7.5516306484768805,3.479085460409891,1.0,1
84.6439866900254,43.72279558166393,66.59373093773277,0.0,22.593858638896172,119.99059281587701,1.0,2
30.09826839100993,33.78010705035748,74.8181154898407,0.0,3.7672698991332862,8.09914379215006,2.0,1
21.964879879066736,21.221644195394443,47.66794282116518,1.0,0.9224169585470672,2.6207990820147296,2.0,0
45.304671373949525,38.4614828602236,62.663845397035445,0.0,3.3400048959468758,12.914469181270338,2.0,1
5.326268705991963,20.992842027418277,40.28393268943447,1.0,-0.48980377880185666,1.6832992964312206,2.0,0
17.24062112128326,24.293769009362585,42.906533848410085,1.0,-1.0473927731270885,3.6022082847983787,2.0,0
17.208092295850406,27.880753816659293,57.30142198750788,0.0,0.05016520195972641,1.3243122486124714,2.0,0
21.72762001531708,28.057749784006482,46.20616964209095,1.0,-1.2894202708176812,0.6113768938646348,2.0,0
36.502123722991364,39.79908428392732,64.7523349872002,1.0,11.224150965860117,6.674591729159898,2.0,1
11.300916500137145,31.945250194295717,52.387799387330034,1.0,0.3155506703113304,8.364604096804284,2.0,0
17.890054086969553,22.713503974996062,43.91425280199298,1.0,-1.69822371107401,5.20711786101919,1.0,0
26.06612519698843,39.56718125214875,71.68363761755282,1.0,8.61627058660135,9.339548650841444,0.0,1
7.252919436611423,26.998289651325173,49.20710746269654,1.0,1.5570187909739432,8.596682114942315,1.0,0
46.337842435009094,33.36220293557326,54.44495846413122,1.0,9.706451308509207,1.0213576824444939,2.0,1
8.928271541997214,23.211112120735656,43.2291566812848,1.0,-0.4543278656984897,0.3391143228787862,2.0,0
7.779905833945387,21.325182360933233,59.545676463538584,1.0,2.3040917725642927,2.949362807296587,2.0,0
17.519552005620287,26.133549670846758,53.6862849785069,1.0,3.747645725582242,5.319101087257839,2.0,0
9.66165843992739,27.700812767582697,43.35133078609013,1.0,-0.5369856516200038,1.3894923700260673,2.0,0
9.950895383366714,24.58327567583475,43.50246280260706,1.0,0.9191861123749345,0.1331009949412158,2.0,0
7.167307259643701,23.857948414974583,41.02300411240795,1.0,-1.647613826943829,0.930615186742905,2.0,0
90.7336260081023,59.241579086738184,76.72425946711664,0.0,22.22096113626703,46.09341110519373,1.0,2
19.65472506681833,28.74633730723936,46.63233698215668,1.0,-0.620135655954662,1.0616438282253498,2.0,0
13.025138066869987,30.204176013438744,42.799747534435255,1.0,1.0438981514112746,6.178105635364016,2.0,0
10.51949075713102,28.700072915589423,59.80570341169883,1.0,2.254101489458382,6.267345232866383,2.0,0
45.91908786533358,33.359389703390484,59.39487255720143,0.0,9.009939938444704,10.13432481943589,2.0,1
35.91873906122112,36.351296684057424,62.20548397998096,1.0,4.368269839460227,5.076745909901273,2.0,1
77.99619457798221,65.4567412408461,87.98388794716047,0.0,14.329027099560584,68.13888673741158,1.0,2
17.361874186027237,26.459983319068563,47.2651070335162,1.0,0.04895825503630713,2.5835738622471744,2.0,0
18.345281245229966,26.456272464366833,46.939179007551715,1.0,0.713002388141237,1.6646907626035876,2.0,0
19.350897632476354,30.305171352193668,55.535968744172614,1.0,0.20711761262632028,0.3168545738142948,2.0,0
14.201531837493874,31.643085316712686,44.671347221372216,1.0,1.3477675568273466,5.262507225578809,2.0,0
16.179419169105838,31.560733210562603,47.01638218670031,1.0,-0.10533054227642485,1.499423819634931,2.0,0
11.292697904342555,21.37722646243061,48.15496210005465,1.0,0.12298322073707905,2.0725555929104384,2.0,0
37.379813165929605,38.84811654761362,69.3965359664663,1.0,4.6265490912294425,32.18990446247927,2.0,1
30.403371439670295,33.69738561122175,72.27626542326337,1.0,7.183932250069998,17.211750791117122,2.0,1
6.3619523885394775,27.652258962751226,57.68957455193518,1.0,0.8821150127517476,7.4659760041064605,2.0,0
41.389292694687,35.57158285709203,69.19843879045028,1.0,2.975960330487966,2.908968085567801,2.0,1
20.884239251073254,20.562222902331236,58.97961334094003,1.0,-0.3420085902145768,1.3410325425428669,2.0,0
26.92759397020478,33.259212335124005,70.47082248035295,1.0,7.574377726503965,27.366838777492916,1.0,1
9.291428053848353,30.660844067704176,43.798722729151216,1.0,0.04316334612149788,2.8835294261969056,1.0,0
61.84090586041037,59.1005804158887,65.18673256185089,0.0,13.96668676468557,94.99225649954948,0.0,2
15.947992235063268,28.55848259939141,44.16630780017036,1.0,0.5960955351888514,7.064103370718585,2.0,0
8.016472244255288,29.19277731842363,49.00117278852451,1.0,1.6458302874096575,0.5050492827203493,2.0,0
12.882872883979697,20.06606958992505,46.63943009471691,1.0,0.5062231120895986,3.7711288672853396,2.0,0
47.35712618984143,33.26134904393797,67.01387119111205,1.0,4.733397945585767,2.075647771153137,1.0,1
14.207781649234738,22.73882436192439,58.26082933779712,1.0,0.281700507063783,2.030707462827679,2.0,0
26.487307508563127,40.333165553939786,73.90565492690385,1.0,8.53065087366636,5.256943761465425,2.0,1
13.970918854467097,31.406372631034444,53.650649190754436,1.0,1.0868876680846837,1.2054073660741207,2.0,0
12.169255756848742,20.76807615930345,52.69488282208059,1.0,-1.3985568647729807,2.228638310870971,2.0,0
35.68438466106164,41.00186618444616,71.64603688549855,0.0,5.576274536794404,1.0146081498244777,2.0,1
16.197791737522067,28.54416824396937,59.49381192097103,1.0,0.7537495441939354,2.043579822992444,2.0,0
25.61572347117194,37.85490919939142,63.97043087295803,1.0,7.380593043690123,3.137224489088813,1.0,1
14.31531131255278,25.515008686563476,49.966660565884744,1.0,0.9463134053942334,2.822469386462136,2.0,0
15.605608519501741,22.29111902085972,44.07069747773793,1.0,-2.8760233290154487,2.562966802631191,1.0,0
47.29924845530546,37.71857385037276,62.849162813066144,1.0,4.135217864487947,10.149114834367275,2.0,1
7.319475793464463,30.550229271214974,58.82668785573803,1.0,-0.9849361061995572,8.300772793968726,2.0,0
28.340355988755906,34.33505262647742,73.32735182774636,1.0,4.247312720423744,2.275847380906796,1.0,1
17.14813068590106,26.06248128291966,48.004245516993436,1.0,-0.946396250606685,0.921803017702439,2.0,0
66.17688012831722,65.41093589296841,87.43628146161429,0.0,15.474398612497405,114.74936219097287,1.0,2
19.436797978401025,27.96547623410707,49.54700796244803,1.0,1.6377080086119684,1.7322608057020843,2.0,0
27.92569474476896,36.66382760542218,51.9022342837394,0.0,3.6843288744421363,22.380143389659057,1.0,1
15.838477013038624,22.960146374259477,47.746450359506284,1.0,-0.11986267899382455,2.6516190684291523,2.0,0
14.224958790028802,27.881361256691527,52.708287137238194,1.0,1.8357838778138897,2.5706726991802578,2.0,0
16.219728782581043,20.967218165085495,42.08909036200303,1.0,-0.8997320908755921,0.6528663939709348,2.0,0
17.69035388700641,30.79800014824727,56.47104453223638,1.0,1.622271129449612,5.415823946989922,2.0,0
9.736035763543295,20.860542666171813,43.924914334123315,1.0,0.2787564433541296,1.08601431074964,2.0,0
20.343399413552632,21.32864711991579,56.10864658599972,1.0,0.4803248669232434,0.7066531608207628,1.0,0
19.756963731826655,27.31636910183139,45.957187967804224,1.0,-0.7543031305064338,0.061274073865875966,2.0,0
13.54362329987852,27.28216346648167,43.68602793900198,1.0,0.0873190906275847,4.304000050224605,2.0,0
45.57735535922231,35.76974564947038,74.73870298237193,0.0,4.244810485810202,4.87037470969827,1.0,1
5.798421435175936,30.681693648752177,53.58133208991275,1.0,-1.9682448017932765,5.4554643289393265,2.0,0
31.04472831471766,35.293937607700656,55.46095612471701,1.0,6.438031829327181,9.039211709973149,1.0,1
11.976509691605706,31.49688176143256,54.78133951878745,1.0,-0.1604572047877201,0.15657783964608563,2.0,0
33.6453309603005,33.878212526186424,66.27208712809674,0.0,2.5899206432375546,0.4051178242158059,2.0,1
7.659429725408463,21.001569019872598,53.42186314171952,1.0,0.7019256331977776,0.8744879234669084,2.0,0
36.97431669894339,36.12450155706863,58.44389403733963,0.0,4.282241855620418,4.708767498618253,0.0,1
35.20728134253376,39.60696282793014,51.18374943317099,1.0,9.470411846740419,0.22689510675356828,2.0,1
44.672730996953234,36.15646658508826,51.400728331222844,1.0,5.036761711622259,3.2015202055171024,1.0,1
7.224852232211947,24.245469904837233,52.005028201991664,1.0,-0.308650490515758,2.795047741790815,2.0,0
92.48605857965518,61.5467621274239,74.51143202310024,1.0,18.00993513373171,67.82784408857421,0.0,2
32.72980291807148,41.241222150464736,61.43249494992245,1.0,12.471647662343212,3.0172541729236446,1.0,1
18.105507463678972,30.123795968621884,46.067710872582666,1.0,-0.9453739425066544,6.9960729521040905,2.0,0
10.206311553372398,23.34042177995188,45.17584816729048,1.0,1.578316733935588,2.7977007361097015,1.0,0
46.50676216755078,35.836685611385676,62.56329210642688,1.0,6.995891785699661,2.9425281450182075,1.0,1
32.18762551065966,37.21459710905581,54.05702060785059,1.0,3.7603099431902667,16.098469774661687,1.0,1
39.810673022725936,37.5366745215608,67.47319152363042,1.0,2.4995316913978014,1.339454814290838,2.0,1
21.151053439863684,29.658881322097265,47.83821125887818,0.0,0.14028524465791456,8.253483914284605,2.0,0
82.06296967713436,53.220285309807885,74.63402523165908,0.0,24.713473630243044,111.73814431511012,0.0,2
11.9174353322888,26.7281395392674,46.72646788540667,1.0,-3.9777420945674233,0.06146530695524355,2.0,0
6.442241139448263,29.534939344402282,57.322030907556695,1.0,-0.1717085576982944,0.3059391231011985,2.0,0
91.10845884645079,66.63240612343462,76.96902119783813,0.0,20.142975514207624,60.40903695923896,0.0,2
38.71174435194558,40.9949323323236,53.749425603788616,1.0,4.684426483185054,3.21699390388887,1.0,1
18.519544301618133,31.489376228457154,59.650425445120774,1.0,0.459676294445011,0.8004808824066744,2.0,0
18.129412659505867,20.12157420833292,55.59641768020136,1.0,-0.9474772867704659,0.08680386799787933,2.0,0
5.262762480990746,30.32167632019322,43.22437623950245,1.0,-2.628565642711495,0.7265404163844528,2.0,0
13.374507597878782,30.999622830094488,53.643833785101975,0.0,-0.23675626476038994,2.232905143684233,2.0,0
10.770653273227703,27.073447873816367,54.83132216933659,1.0,-0.03365407797086023,9.585770648641388,2.0,0
13.553316395861492,24.02249656845047,40.47415507289037,1.0,-2.450884438588931,3.4044324899342384,2.0,0
73.13252817342624,52.49762971545566,72.27954921793669,0.0,24.711248456015696,102.37872356355831,0.0,2
18.211497570766426,21.126287417880274,58.688660775068826,1.0,0.45294135025764704,2.7861590559006726,2.0,0
6.730302034546863,27.447925757895007,53.19380545860949,1.0,0.047639184872176124,0.38087141819196985,2.0,0
21.482938671997495,23.43088147086992,55.38897788164094,1.0,-0.21731784292183026,8.395994831591317,2.0,0
14.807366038648105,25.567189840260035,56.47247221497947,1.0,1.8864285845390403,1.2744357531062502,2.0,0
15.38667681046686,28.353873741655104,43.68089544100427,1.0,-0.385578613219597,5.335828827509519,2.0,0
93.94979528072903,45.48150373272987,86.2785608229825,1.0,11.498004999431439,43.659338247396605,0.0,2
11.533553001714589,25.970478225753226,40.94393403394758,1.0,0.519175993196584,1.0550689067529868,2.0,0
6.450944357336946,31.481597785811434,43.61783802757797,1.0,-0.5089667807072386,3.6684047735962113,2.0,0
15.46945166688768,29.85964277252566,40.33184961265196,1.0,0.1748677680186957,1.8507046061924077,2.0,0
16.26287883401769,22.88831254199006,43.089844080098516,1.0,-1.822209203832965,3.8223588434454263,2.0,0
14.896897822996646,29.600041781164176,59.0680575876419,1.0,0.999941825185336,1.7630866293066658,2.0,0
13.394525138194643,28.7968555523561,40.60207744422638,1.0,-1.954267145287118,6.649094889591071,1.0,0
15.116324821904332,20.52679931171606,48.21365266020565,1.0,-1.9039366578646564,1.9386859595697439,2.0,0
19.48708550541518,30.95944337091484,40.00061437690765,1.0,-0.5453599423725437,0.024771383500724414,2.0,0
65.06604295151504,62.160125589211056,69.92909002972213,0.0,16.919186373540892,90.09140557864698,0.0,2
93.58338233881733,46.22684163267074,80.8564692939018,0.0,11.204356256872476,111.59944831308131,1.0,2
9.577134926139475,26.49689128817102,54.042149082275856,1.0,1.4359572338902968,0.9150165904068444,1.0,0
12.102035296844674,26.979467515870322,56.57417967636013,1.0,-2.2386934050089895,1.6750128112749354,2.0,0
34.70612076945163,34.645988858068975,65.98671098730259,0.0,5.958413596487186,8.529388187168491,1.0,1
25.423986823117065,33.84881386316473,71.65472288163951,1.0,4.167712032804788,9.908577369465629,2.0,1
35.289735920675554,41.38222530485813,56.965708327243924,1.0,7.215720076647436,5.913092229902061,0.0,1
14.190797067371811,21.895457874024174,58.30121465034445,1.0,2.987055627625357,4.737248652889983,2.0,0
14.97234387398306,22.624587355975127,48.51011318543686,1.0,0.5044168338713437,7.743579576531754,2.0,0
61.41134517017051,64.7156816369883,72.330189677649,0.0,0.39737611662313554,37.83168384906373,0.0,2
63.02269431893209,43.94876215652204,75.6781387558006,0.0,18.586958951113605,78.3608706108901,0.0,2
10.920342939396106,28.750081850593375,41.93289668575505,1.0,1.5099098115489418,0.45515751721572156,2.0,0
5.4321251546496185,24.26461482422887,58.664101755186124,1.0,0.04378575590335117,1.5432782019929732,1.0,0
21.838587414011446,23.123442290792035,41.670498293600374,1.0,0.864677017683634,8.121590253240925,2.0,0
6.816907692610645,26.945681054143286,42.522306447508214,1.0,-3.411931546809299,0.8777600778718876,2.0,0
35.34286248749481,38.80574422770108,56.84238789915872,1.0,8.593754375255314,18.591472647391363,2.0,1
10.501373725542201,27.498489195283987,43.80257532637411,1.0,-0.28352144652371125,4.432670416122928,2.0,0
6.400477775469326,28.792388607083364,58.18404272412974,1.0,-1.0803180315101848,4.80868863225067,2.0,0
67.0569458746254,55.746941369010166,74.81108710836533,0.0,27.114117435185886,85.20987889619272,0.0,2
13.259819906167536,29.38351972589551,58.25601600815723,1.0,-2.615508903594804,7.839891161288703,2.0,0
18.62613090201082,27.487981826347788,48.11290518894475,1.0,0.4409240819147433,8.582136027574839,2.0,0
44.96005554979345,35.613698299280216,68.73188342060261,1.0,7.9616778308130725,7.104019546222026,2.0,1
66.09921490139722,45.756112167014166,77.5581552852725,0.0,27.977481929924657,69.26361441360376,0.0,2
18.847770243933496,29.941631593389403,42.64359315507743,1.0,-0.14746477118156404,1.163446499277625,2.0,0
44.39913020428902,34.408571091724106,58.305694101657096,0.0,11.034166801357786,13.36858803738344,2.0,1
47.886213307022686,41.27081392950359,54.613376268416104,1.0,12.121039796719469,4.6559342636385335,2.0,1
93.01780582855775,67.91391848086873,73.59503490393313,0.0,20.11214897273568,37.33152807325854,0.0,2
91.25837247653337,47.71849614246268,65.22246839347915,0.0,11.513343913055323,31.98328629625415,1.0,2
54.157260270443615,63.07165930993865,71.12001792498585,0.0,14.803793474670133,34.98313154138207,0.0,2
13.068724887746836,30.05490049822164,41.76268861953383,1.0,-3.1568741981479986,2.3542250253052024,2.0,0
6.796299632449647,27.471566403183896,50.710849461955966,1.0,0.4711942446759989,11.313010079349088,2.0,0
19.65616949351266,29.80135359806763,44.084842127368574,1.0,-3.525683778936542,5.892532409232048,2.0,0
46.4710591924825,38.655027287687886,65.36053245557574,0.0,3.0959611062321573,1.8102331398882747,2.0,1
12.691471774255788,28.446285099611973,50.93857751970954,1.0,1.3234297388988234,18.519152676403415,2.0,0
88.63900302662795,48.116338241158175,79.33495644093439,0.0,22.440470194231718,39.71169976455027,0.0,2
32.50225640939191,35.93381139391931,65.7546392263643,0.0,10.040019004203439,4.149624214743941,2.0,1
17.46292138105978,20.67411292816927,49.65202471323042,1.0,1.196962881872858,2.566670065048597,2.0,0
71.86517550365562,46.526165839593176,66.22971165488946,0.0,13.086285330157676,35.0579592793895,1.0,2
90.52795492227928,57.264267728259696,66.48590690598539,0.0,18.051225691075015,30.133761273050723,1.0,2
10.587297271288572,23.378254380979158,57.91379888533233,1.0,0.13121063052110887,1.0526169311113243,2.0,0
57.97019062956336,43.30245054246131,84.60750560922801,1.0,12.354136432303697,117.65658086012499,0.0,2
76.23772593901185,63.72878507887883,75.4271313720265,0.0,21.84975139464725,86.51430379340934,0.0,2
6.158929259553391,22.534781977675173,42.688668547391,1.0,2.9585167186233,0.7024083048531227,2.0,0
13.169971814553016,31.426661428371133,47.496498486999954,1.0,-0.003553374199212085,2.3072005604746084,2.0,0
8.818281989979694,27.59254254498321,53.55091610367552,1.0,2.326867899641594,0.41072534855634985,1.0,0
20.13009081089863,20.326009054706716,50.04854574332753,1.0,-1.2188186551829787,2.03097636558428,2.0,0
11.777271472129323,30.571676067675888,40.78723759639459,1.0,-0.5901568444118257,1.1973871316900615,2.0,0
21.937676572964612,26.53104759336437,48.897048656550815,1.0,1.0981214271495336,0.2782154420000326,2.0,0
8.319130792566757,27.302327272357598,49.18248046573362,1.0,-0.3523864072814619,0.007906877375547119,1.0,0
87.28787174212343,61.42448989302879,79.4186006356465,1.0,30.60592313887867,56.34059121416112,0.0,2
55.05147923127802,55.537427388401596,86.26682838939553,0.0,20.012527922882217,99.54079187454859,1.0,2
32.939692713915036,37.791588185042215,55.09121602808194,1.0,3.1119943967729236,9.941136422636639,2.0,1
11.753883939526244,25.717243836125498,47.95586881858196,1.0,-0.9286844223748975,10.232381464175132,2.0,0
72.50961931712561,67.93087678968968,72.87846981016507,0.0,18.382927350201832,111.64646568939024,0.0,2
29.86381736114417,40.113737252872895,60.99551844583111,1.0,3.653461638142098,5.215354787585598,1.0,1
19.362880286480728,23.351313061452924,47.49443941014753,1.0,0.11176439074015893,2.6828200631376853,2.0,0
11.87038546806756,26.42787919217094,41.70806060325443,1.0,0.9906899285273254,3.419789593770121,2.0,0
16.91647523480504,27.118658841288614,59.76841987926962,1.0,-1.5465379127209604,0.0007227105983776512,1.0,0
13.05734788446883,24.15052952885429,43.73279879595365,1.0,0.1267904756764868,4.184853880483724,2.0,0
15.54123685078473,26.270919192040942,44.40975278829499,1.0,-2.0180032311228624,0.646043053456521,2.0,0
13.060955094484529,22.248943329170988,43.418728048416966,1.0,-0.22101033993225933,0.3600885996237535,1.0,0
17.76045077789459,29.461368119039584,46.74908557928458,0.0,1.3007811192416083,5.672112099250013,1.0,0
6.880739528238523,24.861232334330797,44.04587898316407,1.0,-0.40926681951019606,1.936081253895446,2.0,0
5.768863911479147,30.10398263468074,52.30258281082399,0.0,-0.9422156087537674,0.24452340356938776,2.0,0
5.187531495287002,24.11174175827026,43.228953720658424,1.0,1.5437706541919507,0.8580234895000973,2.0,0
27.52677441221287,41.90330614753553,66.76450127067338,0.0,4.330602666450071,30.50327374492391,2.0,1
75.02209367929551,67.13727346094461,75.75916472086845,0.0,15.499848079225588,118.4967810750138,0.0,2
13.715704687280645,27.855808242391454,50.410876746097166,1.0,-1.7522667417753004,3.663490632433301,2.0,0
46.92007148167643,39.87959282306317,63.30587119191745,1.0,12.82228070742972,16.13214211804165,2.0,1
6.199668705807307,21.2076497422824,44.62950427530596,1.0,-2.1402398651720134,1.9370970533525698,2.0,0
16.951322301218024,29.900592922160744,55.02354273908085,1.0,0.26422567783153816,4.009401944094137,2.0,0
66.75889752360472,50.413043009778654,85.61638492786523,0.0,25.746313396214603,44.00462014959507,1.0,2
17.626010860399678,23.22624217258632,55.878702669037025,1.0,1.706071646443371,6.614615266981543,2.0,0
14.766042924058503,29.65324649215406,56.19350072531779,1.0,0.7821740985892935,3.791534169064806,1.0,0
33.69756082689706,41.84931849865413,51.74860025346578,0.0,8.241176483472369,7.299351223262642,1.0,1
16.126690642779298,20.820238403719504,57.76382699322608,1.0,-0.061937042676992154,3.877451805530987,2.0,0
13.622991747702672,21.936353612664604,48.70792646799503,1.0,-0.1911103085849396,1.3425592160931688,2.0,0
13.841156360022783,22.369645878319247,48.59970428242119,1.0,-0.34587959778541927,1.51000661478321,1.0,0
19.826106452050574,29.304153804837625,56.84330753300762,1.0,0.9239505090702573,1.5222595709447193,1.0,0
8.084451910825658,27.16586367188362,53.662285714460936,1.0,-1.6717984725120925,2.1565525571176245,2.0,0
18.042200911829156,22.650233395556107,56.72884384939739,1.0,1.2175583574198983,6.67998531728561,1.0,0
9.879648263973518,25.95510503458834,46.91159171741626,1.0,-1.4903895058971721,6.74153327823027,2.0,0
35.06474810633725,34.57909473177247,71.36945865738949,1.0,4.574029746953434,0.3203013466148631,2.0,1
21.77326408554149,21.270869652845093,53.92159723134078,1.0,2.709133676755442,0.04645660533707249,1.0,0
25.032619063080055,33.5676765690867,73.85946500552232,1.0,4.409731241985391,3.7966255438876546,1.0,1
10.698353107980315,23.76017501102172,43.5416451079458,1.0,-0.5371191692689783,0.02173841087182843,2.0,0
10.299088293519986,21.458016515611018,49.74530708200102,1.0,-3.3124211643423784,2.261468256973558,2.0,0
32.6108974107946,40.188742340568005,56.30036834197631,0.0,6.478179593328667,8.641130116868892,0.0,1
47.05209281062939,41.688498332970866,54.98309647376435,1.0,6.981225654159923,8.67096540343962,2.0,1
46.05079333270744,41.038859296957575,66.13604582958742,1.0,2.0047575468054712,50.81930976270297,2.0,1
42.05820044051604,37.25893526926295,60.85190985492299,1.0,6.4712959519314905,3.9208509829626683,2.0,1
21.700436487446307,30.43962991577222,51.63473294842373,1.0,-0.35291086495865837,2.1974114110685847,2.0,0
79.69965787728323,60.46538265027802,71.72767698566847,0.0,17.031432611803098,64.07737508942705,0.0,2
38.7066567018062,41.8775871883677,62.3248107276133,1.0,4.353584931668495,7.654526758008417,1.0,1
6.308204427696555,24.774039506025883,42.7460006543114,1.0,-2.9449337217584612,1.8099090137751335,2.0,0
6.507943073869946,23.734609940760723,59.26959894948655,1.0,1.5283848601348478,0.9611785195925444,1.0,0
6.777653285684805,21.222717210475242,45.95954470991688,1.0,1.5033542500543882,2.729057534064242,2.0,0
9.114765269662968,31.36080474708075,52.018909690754384,1.0,0.14179135138270255,1.7993862342526161,2.0,0
15.200349318028163,23.01071654829323,51.92934150827087,1.0,-0.5516767898565829,0.5424113837387889,2.0,0
7.211466082220744,30.45696841029025,52.698133183063256,1.0,-2.4409675919209732,0.726300937155749,2.0,0
17.538899127011156,26.961066016033456,54.187776436487724,1.0,-1.383283358147441,0.28398242106436994,2.0,0
79.81839631046745,66.78513789275397,85.46071865213246,0.0,2.5944892923974514,66.58241640959022,1.0,2
44.0312519275311,35.32655626933031,54.01394526907926,1.0,8.81760855498614,6.691562187246241,2.0,1
69.69175820934649,57.72849539694309,84.01265439873313,0.0,22.01137569802276,47.053200474706614,1.0,2
6.592471053077572,31.2418695443971,56.11429051336436,1.0,-0.2279510734740583,1.6701130242764872,2.0,0
14.202037700118197,25.208251672505106,46.15358178955897,1.0,-1.007581183887116,0.017462028475511104,2.0,0
40.03750716583961,33.647094767917466,73.86543428760135,1.0,3.8252419713251946,17.81077944691279,1.0,1
18.971621007936058,22.223962154344573,55.876362078160795,1.0,-1.2554705316593804,0.09268782497352143,2.0,0
32.20993166848434,41.67558082849458,73.315749143484,0.0,7.662428779538246,18.52632048399332,2.0,1
11.752120003513731,25.569141913442046,55.92487218912774,1.0,-0.7046466965057052,1.4352745641021376,2.0,0
31.277199733252946,36.58793358766571,62.04860698481802,1.0,9.11618117832655,14.753676508187489,2.0,1
29.16444667966718,41.763733927061644,63.308778162928476,1.0,5.659935617678101,31.61403082127618,1.0,1
37.76520898892158,34.353112872585896,57.587105213789016,0.0,2.989603722602128,32.032415955258024,1.0,1
12.292898465375313,30.374763314272037,47.89144630637848,0.0,-1.3431419413875627,0.5756032762378718,2.0,0
15.40149921028045,22.468247146346663,53.45529228824933,1.0,-0.03824119287779949,1.2853322328292185,2.0,0
40.15319810825328,40.85585957190413,54.01288538201728,1.0,2.3070645095842215,0.1691068920568645,2.0,1
20.22389488443541,31.01691862638981,45.36348735489827,1.0,-0.49955642858064253,1.3968173587411032,2.0,0
35.24497453157869,36.90030253827151,59.96572404110188,1.0,6.460585371751053,65.92111823500446,2.0,1
83.17126514265075,66.36139216906953,72.84037166279124,0.0,14.931374827304762,56.70860526560874,0.0,2
90.27031281184449,53.412260309226745,76.46610085536716,0.0,19.511216689908153,89.84525885352942,1.0,2
18.111595893661075,27.084172285505275,43.46992100710044,1.0,0.8556317600411933,1.906045065677933,2.0,0
32.25048845322348,33.79450373671568,51.978616706955236,1.0,5.276055288765814,9.958387423247068,2.0,1
59.58634795390326,49.007643737898476,81.53492575247985,0.0,16.866112532924255,85.46135773448066,0.0,2
14.442338995244667,28.239078961911282,52.67423199531058,0.0,-1.9568841657007088,6.023059693023089,2.0,0
12.673579413604482,23.45159274852414,57.07885764283706,1.0,5.293582781355726,3.946343749587108,2.0,0
19.311089204890624,23.345118468974636,59.01065641908818,1.0,2.0054536103339404,4.314702413230711,2.0,0
45.41454678653374,40.18834116458375,50.42323381063838,1.0,6.292252029192937,0.27987185331649134,2.0,1
21.880401534028106,27.20781279858027,51.50718346258197,1.0,0.6727281812946602,0.9432942333204425,2.0,0
7.033102180951129,21.190137195046592,56.53717121945506,1.0,2.8326554094213847,3.5203408803264216,2.0,0
42.52530412573453,34.10588021904737,63.6569776197571,1.0,3.611129433023729,3.556323859037625,2.0,1
28.30228165931769,35.68328674033326,72.77839425325209,1.0,1.1855870673058115,31.43779672411491,2.0,1
31.59059016673779,33.89515437706971,57.62895826343224,1.0,5.4550645832813,5.385789965041575,1.0,1
75.02648776316207,43.539747778566884,78.9346182728296,0.0,18.877411674134166,64.76734365147698,0.0,2
35.86658756364079,35.445251545523334,54.66013535170278,1.0,6.50090287000249,8.773834969164525,1.0,1
6.363973676247918,30.913455331246904,43.02864628739927,1.0,-2.030632012064638,2.94186758145062,1.0,0
20.311931688191393,31.23536745762712,47.13964858937328,1.0,-2.3571299975074504,5.728322908701367,2.0,0
80.36563506270218,66.75960735947794,75.82589800573025,0.0,23.80130050053446,90.25427626627786,1.0,2
12.863090174263515,21.393667522406307,47.29644940415597,1.0,-1.2157929447324394,0.8280779071270337,2.0,0
25.40905824903712,41.658678402335006,51.429491363256666,0.0,7.33167851712866,5.26644206418507,2.0,1
5.957155686591235,23.80335905349343,57.79826752725725,1.0,0.06574319919064239,5.19865569196341,2.0,0
47.474342654409334,39.66274311680384,53.34996703014177,1.0,4.545133365367155,0.9809313724145204,2.0,1
28.776990039228956,37.319847589760926,64.06666951640833,1.0,6.791665483050066,9.18189933838178,2.0,1
26.263929438978412,37.60192089295014,51.88694786060072,1.0,9.900529580439418,2.2359013974246107,1.0,1
25.85503162514186,39.4134421582926,68.48877871837482,1.0,9.23527858341884,18.22656562137356,2.0,1
87.35222982152604,61.330489239535254,86.93180655456226,0.0,11.174398770214587,55.843543399878556,0.0,2
28.955319242401487,40.30748026171625,58.31119295619096,1.0,10.73942087220465,24.063084404592416,2.0,1
8.672649102663193,25.58011421031713,47.784172372468774,1.0,0.4715080246971457,0.09381129651367554,2.0,0
88.78510375199254,52.6672873659697,69.41824583963111,0.0,20.274741798415423,26.80806409131015,0.0,2
7.488357866758235,30.594977798224665,40.43693423972404,1.0,-2.8637961884658645,2.290429206848917,2.0,0
16.792597838285307,27.45550938859532,55.38885158843114,1.0,-1.0613284279411594,1.8259545495943938,2.0,0
8.080962124816223,21.613221552897464,58.718744964971194,1.0,-1.2210160039373337,6.585033159767519,2.0,0
21.154035014953642,31.774134041147533,48.106507212939064,1.0,-0.9794252337481213,2.5465959834693868,1.0,0
31.10731892911653,40.66159955367763,55.93672268056864,0.0,4.645874306755969,30.852283303193328,1.0,1
61.459148810621805,45.95492026287464,80.30728200391032,0.0,18.10331749638336,77.39575371640427,0.0,2
76.23919543498224,64.30331799048466,87.90220922236918,0.0,16.789353742205048,64.36307030100453,0.0,2
32.969386453066974,35.874457051503164,73.39499578823228,1.0,6.401281722162688,19.014071716909452,2.0,1
44.23649373923199,39.05655360221732,73.02573790134505,1.0,5.522394865240082,10.001942366503927,2.0,1
12.724414687519335,23.677561616513845,52.064908453680594,1.0,2.6473707083261573,0.35157854043460973,2.0,0
18.571018042435178,22.865554536578472,43.36407311533036,1.0,-0.18470465302840142,0.11010827538810859,2.0,0
14.00405983205211,25.242208431382153,42.37418191018223,1.0,-0.9801943435872108,2.4645884520916024,2.0,0
15.748492894632017,28.43048601841768,44.81341029514306,1.0,0.5090337191343305,0.9907668851000409,2.0,0
31.693077358206477,40.87668492112856,64.0318878714053,1.0,7.530296193621819,2.735152225891598,1.0,1
6.042943660881359,20.80419845301452,52.30139508029396,1.0,0.11701112771828626,2.630007936169185,1.0,0
6.55187350536427,30.92924193972698,41.133608643316705,1.0,-0.06050086532106563,2.5024154279896744,2.0,0
41.76318538381298,33.65857588891202,56.10342052017266,0.0,1.2803611813148787,0.01024874453501794,0.0,1
55.675038987501345,65.05126292414914,67.43191116230837,0.0,10.522023133509453,81.43120658626799,0.0,2
87.72271727296874,53.17982124214634,75.73211332444889,1.0,8.794914235876671,26.111749547034798,0.0,2
13.824016445440597,29.679980636321798,47.544035649152775,1.0,-1.5847456059378902,0.959965115516819,2.0,0
13.36597698235215,25.357034196818987,46.538820486733506,1.0,-1.5051583552492551,4.980822149360883,2.0,0
12.352463931612244,29.631683748235154,40.21026449083307,1.0,0.5930605217784988,3.547288666255263,2.0,0
28.536135735903077,34.24275290941808,66.74815855403307,0.0,4.231990306244459,32.36835327857279,2.0,1
7.8858843864881925,31.43378020403007,46.83282225381204,1.0,-2.058118780904421,0.26915308744719735,2.0,0
20.031509876922932,26.08471576086462,55.20800134574965,1.0,1.0901910696027057,2.507359356698444,2.0,0
83.03131762781877,58.951205028675275,76.27208589793031,0.0,18.964157204789426,58.4227019649134,0.0,2
7.395711824570965,20.51808482956414,56.78360789960597,1.0,-0.5758121119961742,0.10311959504158177,1.0,0
83.7977941817171,62.434328230263716,71.00838662342053,0.0,14.610290840068679,118.98964104242697,0.0,2
11.747695695427133,25.403050953714683,46.322026230939414,1.0,-1.5990482574415208,3.662690862335098,2.0,0
40.06112124306208,40.04197471680174,72.23035033560477,1.0,11.814284698179419,15.265367307376405,2.0,1
73.64637668031185,60.81882505149829,70.61867677435478,0.0,27.383768021158225,57.162992192723046,0.0,2
92.5123039318464,58.2576945385024,84.75788249956489,0.0,24.525641911193723,111.03956536081317,0.0,2
5.309771036076345,20.83569377794887,50.88397325007404,1.0,1.5300547603531347,3.716141455036662,2.0,0
60.211662603647724,60.82598188146579,75.19491885126469,0.0,25.534065154446605,26.587553905083997,0.0,2
39.60388486250258,40.825132048840985,71.32310895446125,0.0,3.692513044073548,15.220171245150484,1.0,1
5.361579984456581,24.302941538298477,43.3771692674079,1.0,2.6758838928026534,3.408036257334097,1.0,0
6.9901392792693,23.599029338083817,47.209490102831076,1.0,-1.090112857323029,1.4004601859508023,2.0,0
19.9170242299599,23.647356814888685,44.521581420211255,1.0,3.5819515582870984,1.969767210131283,2.0,0
93.08567847557569,60.606582170508645,67.87158400396554,0.0,26.797870817507157,35.65046464789987,1.0,2
6.742665375841547,26.55716379293417,48.347895646582955,1.0,-0.01727263211496765,1.6975205299234566,2.0,0
37.50025752729857,38.22197067321486,58.25538062900068,0.0,9.48024753719584,21.366504313519982,1.0,1
15.767814523384338,23.826401819853665,42.66419848273257,1.0,-0.9005785393066587,1.7805782239415624,2.0,0
21.24068967056678,31.873413571580677,55.63559651857453,1.0,1.5324371465999223,4.45243662912201,2.0,0
75.28333157876274,60.83132578128177,74.03652280411711,0.0,17.110864257578147,53.706164569042386,0.0,2
26.43330767613127,36.392939118299715,70.90282012319219,1.0,6.6603875624633275,4.2899966886424075,2.0,1
45.22443877200355,37.4642690482819,59.37940995782756,0.0,6.652317242177527,24.02697161461852,1.0,1
16.857014848377823,28.57191962881997,53.51173547134877,1.0,-1.7279963213687146,9.833612552626564,2.0,0
33.58501983667318,39.36219913589091,58.16890118107577,1.0,6.405847525656954,15.070435479450797,2.0,1
10.880011968200265,26.632484908622544,41.20453889800595,1.0,-2.0248884567919094,2.6670748968892624,2.0,0
37.62055092841014,38.9400234411714,63.434596060984205,0.0,9.710615680554675,2.6873817465359213,1.0,1
9.88306285811939,24.236604699203628,53.94048332008599,1.0,-0.26927186230872024,2.8440370562886317,2.0,0
14.6550689193947,20.145237401313288,57.50977300791793,1.0,1.6910251340332279,1.1651454445606195,2.0,0
78.57618475842101,52.45384919875901,82.27462101350424,0.0,17.959928561683967,55.00399203954042,0.0,2
6.45619024313932,22.98810483330908,47.74446282420414,1.0,-0.12388886302693569,0.9345588671920106,2.0,0
37.991530932990216,36.11375239026324,56.916748554477046,0.0,8.985908701587668,9.901338337544791,2.0,1
18.367865245064387,23.978776388806324,45.41118512975983,1.0,1.2296095758871421,2.572080081172905,2.0,0
15.42799361658203,26.083045255542014,42.78508141569408,0.0,3.2033800951160494,1.1121676673736056,2.0,0
8.622779968426416,29.011277580359817,52.91068712821044,1.0,-1.0298081297306534,0.30359586888442736,2.0,0
5.789657016239961,23.513864440411577,52.54657870181356,1.0,2.848102472032858,3.9956159017879966,2.0,0
16.7971235559407,21.47504814158465,41.240828339131085,1.0,-0.5711451057927066,0.12399082204313483,2.0,0
20.25087441919381,20.827496196277053,42.065300177500966,1.0,0.5711671070475776,4.578760535773758,1.0,0
46.786221628974346,36.51464127915955,50.14854389610886,0.0,10.113296441735766,43.4802827827344,1.0,1
15.973029030421852,22.70380315941482,58.6749884600294,1.0,0.9688356304138388,0.6249166402123614,2.0,0
14.293856016139191,28.387385941848628,58.264593725585414,1.0,3.6785548693030856,0.42946835463550104,2.0,0
19.088537655582797,22.129145233636482,41.004860196459646,1.0,0.030625750819377198,1.6258311123734872,2.0,0
20.552380318157702,31.592570061544127,46.99875707141428,1.0,2.5385198586948072,7.166343106144733,2.0,0
5.881000125981258,29.17433353585661,58.79137178050331,1.0,-2.157616750191839,0.8328737128652133,2.0,0
14.922153901464824,22.628825709222294,40.27364829521362,1.0,-0.23553724266706172,4.154395467271881,2.0,0
70.53174622772715,59.068650865840326,65.07733470142755,0.0,16.21998757995317,117.56406696350942,1.0,2
60.276673014128136,47.65913077326293,70.99253532452397,1.0,14.899394594722262,45.48800018265432,0.0,2
17.169024399595507,31.12532754630113,59.34542380740595,0.0,0.018254523424357794,3.1570087395907134,2.0,0
65.47665520744387,51.94919563899164,76.35714171589738,0.0,21.798399284983365,92.42503328992451,0.0,2
7.652316887521421,24.196438756950194,44.374196006471664,1.0,-0.8462942697907299,11.569199458593237,2.0,0
29.23499053086725,40.74655703449276,50.81637586485507,1.0,3.55322468634255,6.952862337111954,2.0,1
45.54685776203499,39.90028041450134,69.59780951468085,1.0,6.845846621427153,16.810654228064482,2.0,1
5.982269536938233,21.021241833437426,45.573886318570516,1.0,2.082996780153723,0.9997027708168356,2.0,0
19.740229415861762,22.45857528980855,43.13625410633611,1.0,-1.0748602326361578,0.9251638337833908,2.0,0
66.74481367268791,55.03902419443365,80.67140823835287,0.0,12.150694172165752,113.87872821921086,0.0,2
25.21983828140558,36.35220253043106,64.88433416372234,0.0,3.484128979201408,15.37168282229896,2.0,1
20.65431200449533,28.890848673824856,52.83639033602871,1.0,0.9953184277476524,0.3432823304853196,2.0,0
21.790356135943,27.687382202586647,41.24862654555561,1.0,-1.0543671570593511,0.8422763575299498,2.0,0
57.81483212707625,46.239643250249614,71.72530335189181,0.0,13.10032182107408,113.00931846545129,0.0,2
5.222605762001672,23.576626503673317,57.48614668274161,1.0,-0.5222360952259697,9.20077141540304,2.0,0
19.744001416316642,31.195098350836066,56.048035689026484,1.0,-0.6536467454559288,1.0306156698119924,2.0,0
6.519987039308411,30.260362419439222,44.97583577478354,1.0,-0.29320896537896074,2.626787109000875,2.0,0
16.698290003471215,22.341998206623806,51.52977806279732,0.0,-1.3645346826125015,1.3440203066582277,1.0,0
28.902204868904533,34.23192287722645,51.06177276221028,0.0,6.604588817347506,15.891299578241764,1.0,1
17.981298500715933,30.164729923806796,43.92588604622134,1.0,-2.6480813805449612,6.524591737416036,2.0,0
7.075868538170456,20.023905622628842,46.441350703914594,1.0,-0.09561792825594925,0.249798176600091,2.0,0
17.171527890405756,24.413431853073835,48.367790667566666,1.0,-0.16220848558712514,2.208110111895895,2.0,0
16.822942513727657,29.64245191355124,41.238930371579755,1.0,-0.1707188076206371,5.751072570967312,2.0,0
19.766185179220827,28.431605277026197,59.58303110201231,1.0,-0.5576685172852326,4.149503741750569,2.0,0
67.31775616204315,43.76354945374346,86.76969270071464,0.0,10.150480467453772,95.65208538841904,0.0,2
27.069667796041276,39.047605264454205,68.73225901373125,1.0,4.579429855337407,0.5566909419474142,2.0,1
8.092778218419609,27.819677125727317,43.17473526748619,1.0,-1.2268377632077583,5.873029513904651,1.0,0
15.832425105740768,30.317536097739747,40.181740699024324,1.0,-1.7275216635515154,9.138000164809,2.0,0
52.75690851915783,43.885474332021595,87.37729133940469,0.0,19.93602378445207,62.38383120304397,1.0,2
31.7096494051483,37.46961432656854,72.82146724910969,1.0,9.226880382052979,7.344987112796519,1.0,1
41.65220221971574,33.660456149868075,52.5885892988196,1.0,7.466537669438964,14.953978091145892,2.0,1
15.125858590333353,30.60157715583273,58.817603391184086,1.0,-0.0057062005061990755,1.4146219959172563,2.0,0
5.516580014846227,24.046478906789027,48.72492052714315,1.0,-0.5856131074207065,5.395876340927776,2.0,0
63.92067531914094,57.34360606361466,68.04862191941211,1.0,2.595384541566002,100.7591265853992,0.0,2
8.179743725477898,24.503958895035222,56.06023763052641,1.0,-0.6402062924028864,2.872203932340457,2.0,0
17.01008735027732,25.202993511591373,58.216525293726306,1.0,-2.92740436932433,3.595098890013651,2.0,0
45.44047017609317,33.361254493488694,57.23856869484263,0.0,1.6583466622261245,5.534500547022,2.0,1
9.121998561790404,24.08464525105407,55.33054632443255,1.0,-0.7934201440870483,0.5504042712636398,2.0,0
42.292006933803826,40.330571713174784,50.687129870734275,1.0,9.930584568162901,7.374913850981006,2.0,1
12.753189731689611,27.726851042493568,44.993379054804606,1.0,-0.5148088902645566,2.051478154326605,2.0,0
6.25454160050178,28.923126994118718,48.58124738605332,1.0,-0.23780653862468507,2.148856903197542,2.0,0
13.89266335089253,20.85118659360528,44.525448600063726,1.0,-2.3469331910037066,3.3507590567098493,1.0,0
5.958383443065761,27.636816442200885,45.91648194993072,1.0,-0.0949109398453738,1.4034939000272395,2.0,0
81.74006809574836,59.40036448978766,82.36887762279254,0.0,13.355846097824365,43.14998621365123,1.0,2
18.98420953121419,22.44519750953227,53.54876142456589,1.0,1.0287867279126286,6.47732462371229,2.0,0
18.001766615350924,25.08002172983837,54.40913482925512,1.0,-0.7582346331667666,1.1780195644483098,2.0,0
7.769885260384305,29.91173855249698,42.70919073589381,1.0,-1.3361232953283952,4.7054648176186955,2.0,0
6.95222602056646,26.135305546409015,47.926252509964414,1.0,-0.257510480887175,1.626158417977848,1.0,0
52.16882045053841,47.430347706727346,67.58056698282297,0.0,19.483739997445515,66.83457346198581,0.0,2
5.978498920282953,20.14884843532778,53.46184261822434,1.0,-1.3430315604888001,3.7949983094855693,2.0,0
27.09876309349164,35.75222324204531,66.92975234941963,1.0,5.198988714698905,10.204723025386988,0.0,1
20.6868722387277,24.25909593052412,59.67423166418304,1.0,2.5919457530726477,3.260547054386222,2.0,0
20.552694633747624,26.280690936492398,49.51192383644017,1.0,0.966185651775163,1.9659017899103273,2.0,0
18.17725799713895,29.791363267623407,47.957314060348544,1.0,0.06456130627558146,3.3418921429547304,2.0,0
53.9062867844981,64.63439030255273,86.58158490725992,0.0,20.847623538208566,90.51904910477009,0.0,2
10.424708045135347,25.144424251837204,52.914500867021076,1.0,2.1933819060520934,0.11389661116574595,1.0,0
15.66848736142908,20.547784946028607,54.941565342580574,0.0,-2.2987774152444955,1.289922588964729,2.0,0
18.456843743339427,28.444231729529548,48.22607944132463,1.0,-0.8817844573620004,5.011733842241056,2.0,0
13.660176178546426,31.676921574947578,41.65144316070554,1.0,-0.5632500601133563,2.0086444606788727,2.0,0
7.195710057575415,25.027373482249704,51.131568570043065,1.0,2.0551527804155563,3.9172829344220705,1.0,0
36.13178725764842,39.188412860286604,61.56334963445751,1.0,7.436043541952811,4.033357314204993,1.0,1
68.21603375938224,53.26332316139692,70.06567962992155,0.0,22.941276719051842,43.20142695078454,0.0,2
9.20491772963436,24.428636261130997,46.47060824970983,1.0,-1.7949983884265936,4.2749380368742536,2.0,0
11.22815133599276,29.295605367653458,57.481435466103704,1.0,-0.905788396855432,1.8723881963660767,2.0,0
13.698516515966324,31.80815795852557,47.17243163907183,1.0,-1.8593820187875423,3.642389639386627,2.0,0
16.768701596803492,29.087722485613266,56.92248421060463,1.0,-0.77385796969851,2.0038980737572363,2.0,0
5.733718503159794,25.852004823455175,51.88483654617194,1.0,-1.1595445644040545,1.0247358791313759,2.0,0
20.951787765957643,28.310389178445295,51.61290451819268,1.0,0.4951706857064154,0.05623595875027901,1.0,0
25.771861177886777,40.01670920520131,64.92409914291107,1.0,9.663497250012261,2.0062777701507746,1.0,1
17.006117861660435,20.947629946289943,53.18845924163995,1.0,0.8279463889977414,1.1931479432120486,1.0,0
9.79458773371221,30.454453787156623,41.90721842546007,1.0,-1.2535335075300542,1.2107331797085044,2.0,0
9.539480592880162,29.108063390263172,44.65456697831104,1.0,1.123923835319177,7.938454431831759,2.0,0
21.381539610517297,26.522458608111755,54.295065528878915,1.0,1.771484857958508,4.410189412222799,2.0,0
10.93076053123092,27.519110133118524,59.418804992092376,1.0,-1.3542133904441997,5.674054921230757,2.0,0
19.151524893607167,23.18055713990005,47.49096486759163,1.0,0.49747150068864415,6.885348375370224,1.0,0
9.07255214133853,22.647343432534534,58.18350528107172,1.0,-0.17942943655315702,4.059774580294448,2.0,0
21.50799016781125,22.664910448319848,53.80645693801458,1.0,-2.0995222570990295,0.5465288209818652,1.0,0
69.367146044915,54.19855028205966,78.56431565423843,0.0,13.125711871859767,65.73132042333961,0.0,2
8.402554152161771,28.069525976300348,41.611616245730275,1.0,0.036647760267051244,1.308772952520968,2.0,0
16.448351366523596,26.68254131806515,58.452075141879156,0.0,1.0308576755929326,3.1608011642635705,2.0,0
62.80645722519408,44.7192650492787,83.33083035151866,0.0,22.009488743648117,31.27432604407066,0.0,2
86.547213471221,62.97406313142428,78.14932199504469,0.0,26.589815921627817,80.91772064091626,0.0,2
8.947615817495894,21.06325656763615,51.76000926859257,1.0,-0.8258806005010599,2.9226802401208465,2.0,0
70.74518310831851,67.89766600965856,81.12258613850202,0.0,22.572383243175587,63.408942515952376,0.0,2
54.52107104124046,48.04740140332225,85.4874332412068,0.0,25.60364187791029,38.40249754434057,0.0,2
8.054612850794113,29.173288736906052,59.142696650795926,1.0,-1.9073227813384257,5.78495618559711,2.0,0
26.019977824932827,36.52149169866251,58.97774857418993,1.0,9.967853523782317,3.0063186262456885,1.0,1
7.337856050481886,30.103202801501702,57.9677293316807,1.0,-0.947155541224775,0.5298378477451416,2.0,0
11.46332551935957,22.641335910857038,46.31066361326271,1.0,0.06454645998192216,8.319013790570914,2.0,0
89.92438439677034,52.66394684328732,73.83234568372524,0.0,18.120178492946085,59.1509279235852,1.0,2
19.694090247273827,25.184227131134072,47.54726353593301,1.0,-1.6326168535092687,3.2557784775259675,2.0,0
12.967230913900146,25.16512892385188,40.80277718170733,1.0,-0.8567759611262797,6.71767769942131,2.0,0
53.93968727026945,66.96296520453566,87.95979117428388,0.0,26.580182333528214,88.76666739638367,1.0,2
11.456358263046907,24.505627141598005,48.43425235051833,1.0,-0.6219457632210459,1.48641944654341,2.0,0
61.12159304743627,45.69660846110606,71.70374155423875,0.0,5.478908824104375,31.833649390729754,0.0,2
9.857105466791634,27.100365947675904,42.51910392758717,1.0,0.09547359224477656,6.226475138516548,2.0,0
21.312802953457567,23.283685014329258,43.383237876848405,1.0,-1.1588131677633537,0.9320781560043107,2.0,0
5.681856254012202,25.45214507681186,56.90079297793285,1.0,0.4837569904348571,0.17040201260231524,1.0,0
19.925563447566184,29.34923103674944,42.58142493861763,1.0,0.18968882859103509,4.428458632431559,2.0,0
44.155683598212185,41.609405109905765,55.60430691867254,1.0,-0.05470233429358906,1.5483104803511856,1.0,1
45.45033412590307,33.586235148038064,66.04216269937,0.0,9.268139508463822,26.73316718265753,2.0,1
43.1836189589595,36.547534091251556,65.9160258839682,1.0,3.520525872869296,5.757170294690184,1.0,1
21.734837071960385,20.694133393365927,44.93714055191466,1.0,-1.839269036719025,10.833243004481309,2.0,0
14.535945516101567,30.48438312159614,47.13192351972411,1.0,-3.731733086343497,0.4951471600531859,2.0,0
79.98604942998699,55.04727215143711,76.56967805832411,1.0,11.84378851466856,79.58664372191132,0.0,2
8.394454296692116,20.503414681179635,40.013067815225995,0.0,1.4605893462785517,9.37204113310271,2.0,0
27.80723664287027,33.36104920459664,51.45377801416003,1.0,8.723939273415402,3.273339378811281,2.0,1
26.52928828901963,39.145535394260094,65.96808522042515,0.0,4.110089904432931,5.620288798427051,2.0,1
94.78634267525953,49.78422537562641,76.11978847943708,0.0,24.281274193939726,95.15038461807391,0.0,2
12.646339029962483,23.07755673220119,46.6975658027397,1.0,1.1730410813611913,0.07536680451822975,2.0,0
26.254018854200435,37.10616039648002,74.73016314495233,1.0,9.326023259867172,21.45725691201043,2.0,1
5.51850424896384,29.30734221110393,55.04795764607576,1.0,1.4635700665038751,10.606333157218483,1.0,0
20.543079711528485,26.533787993603156,52.30841559641671,1.0,3.5481116579999603,0.5016160210333113,2.0,0
21.029464966512826,28.117615246716348,44.93317231610813,1.0,-3.6529684976743324,5.0432711388505975,2.0,0
8.889568813357581,23.92317939605695,45.632320842112634,1.0,-2.620832500447883,0.9616980130987991,2.0,0
18.62937741218646,20.10864993896445,44.11588753978843,1.0,3.136641409098716,0.6786982367546539,2.0,0
21.541179430791576,28.76985157976876,49.33386241768817,1.0,-0.2642002553264674,2.2777860672484262,2.0,0
9.585743395788825,22.15103906887137,50.706955361233135,1.0,-2.1907513491277317,2.1624967299006608,2.0,0
78.48092716497058,56.17609992071703,70.07485672761601,1.0,8.89230531031978,51.97223763724696,1.0,2
10.286699469166258,21.920859619454877,53.54786259777745,1.0,0.16081194306020047,0.33923689378564703,2.0,0
5.570051390508249,24.834479391591646,44.535452506392915,1.0,1.1762196245302476,4.449607320001583,2.0,0
17.12694296003739,27.235314517753537,54.03476547754514,1.0,-0.2776464741318281,11.956317946712826,2.0,0
19.120529932391396,20.229393133157167,54.441321284075705,1.0,0.1752452612582757,0.5610148813063978,2.0,0
40.81877981754607,35.02284213892938,62.329887994698225,1.0,5.751339048375404,12.882263106858538,1.0,1
43.72685066280596,41.47719490366332,65.20798503500168,1.0,5.531418299708413,1.2750614532898612,2.0,1
35.61816115751255,34.317383448013416,74.7729368698628,1.0,5.599829033665133,1.8241825790806745,1.0,1
16.962183609460403,28.777957884084348,43.20451201953013,1.0,0.29150019500734986,2.288068874098343,2.0,0
11.229846092813764,20.90839672771745,50.09822902500279,1.0,-0.17399560848230033,3.635976042640433,1.0,0
11.12324090399147,26.279955574336896,48.56915807697591,1.0,-3.230595860687192,0.7245203392137578,2.0,0
38.08283083062938,34.897900565466166,66.43735148140627,1.0,11.244406717572854,3.0274312686893623,1.0,1
35.8384438077079,38.51746823282531,57.46471890720731,0.0,5.037760885563461,1.5908647934744429,1.0,1
10.41879254984519,31.021117185744906,57.170129091031086,1.0,0.5000547768913172,3.123408796681071,2.0,0
6.144960224969119,22.15106734289348,42.136014080047275,1.0,0.6135974075010857,6.412437281741802,1.0,0
18.430517417220045,30.057859699863712,49.43252730390523,1.0,1.9667434449054246,1.9005749889040593,2.0,0
35.83876648234114,37.6963413124493,51.058743686910354,0.0,8.095275403153115,2.129446957219844,1.0,1
45.22125310891926,41.505712780270485,60.00363668211398,1.0,3.69523403882469,6.015212084734056,2.0,1
58.099542342527414,45.70373995033157,85.36877918154622,0.0,25.25063993481653,50.50826398695225,1.0,2
10.801213069644657,23.853945831631442,46.6485338434873,1.0,-1.3965025674486622,1.7833212332820254,2.0,0
40.934593058529316,37.02150807467936,59.75489918124756,1.0,6.570632878028526,29.247466195016834,1.0,1
34.690815782054116,33.579373951635354,61.99250406333864,1.0,-0.6428045576536547,1.7056627681271033,1.0,1
72.11248765792223,65.80339754807959,78.15581474205429,0.0,28.97175157465095,48.12141152975784,0.0,2
7.764487968863152,24.7641804948463,53.2764894970545,1.0,-1.1231996940300806,5.318999975110162,2.0,0
40.606402616930644,39.80286736060548,64.56502341961249,1.0,6.045101776625372,1.9316682284035616,2.0,1
5.76871739180522,31.913802067988843,52.01824011318172,1.0,-4.068918845715657,1.1782341880011913,1.0,0
5.303856890468035,25.03337592748776,42.25180933058389,0.0,0.5486399791393733,1.58020828962905,2.0,0
74.31680462658309,49.93349794847349,73.48768439679975,0.0,14.621602801229388,72.14469791397468,0.0,2
8.973105392477361,22.897957823082415,57.39067343629959,1.0,1.295155920284818,16.675341245313632,2.0,0
20.78141556399133,28.673771638501805,53.12819207001314,1.0,-1.2910937450930078,0.9517888189210364,2.0,0
79.20675034494263,67.87629383187515,65.02297682213968,0.0,22.781615553951575,28.239296858341554,0.0,2
10.223929403746872,26.216096796855496,44.9948835845871,1.0,2.2343991141714734,2.4909234873579518,2.0,0
8.544678744074709,25.462063900803876,45.81753708463165,1.0,-1.2332484100341103,3.4959340187443058,2.0,0
33.16806395226318,33.539813449723646,73.0075067643187,0.0,8.4808381828284,27.679758180780453,2.0,1
32.29269669535034,36.13285992757087,68.46398745289488,1.0,6.217035651957545,1.0047944695357025,2.0,1
45.60835702811731,41.72317917412234,64.54859103764457,0.0,5.278804572934766,0.9334995980559386,2.0,1
18.415911056324752,20.6917709863883,51.69086226518917,1.0,2.088058127380637,0.06217256853306925,2.0,0
19.038884759600965,22.342887235477903,49.6646415175087,1.0,-0.9543355689778947,0.7449340720609429,1.0,0
16.5855462778068,30.71708246234498,55.66939120098535,1.0,1.1324381492129467,1.9074704159872997,2.0,0
6.308658467089481,21.786656603989336,59.26720640892076,1.0,0.141931567004037,2.3796450757161587,2.0,0
14.837481945730689,22.98060330491849,41.02526918351997,1.0,-0.7978166254339929,0.4128842118485204,2.0,0
20.237708914859034,23.742366295002597,42.66364251335047,1.0,-1.5118018698331954,2.796627385129119,2.0,0
18.081379864262928,27.06477826557584,46.90961707446891,1.0,-1.23131838361453,2.419155159571905,1.0,0
6.389903543130822,20.330440638433586,44.67481584073489,1.0,0.6543535572015826,2.8426576565764607,2.0,0
11.605487721595878,30.821288342554745,51.53615839276512,1.0,1.6278333954924473,1.135254453277936,2.0,0
93.55508355059436,64.06913590375753,78.59527238325583,0.0,11.757196152662603,77.3414110347788,0.0,2
42.529935426124595,35.56399775012755,67.28466113037547,0.0,6.503044000347719,10.964527847391022,0.0,1
13.469327179703363,30.0619020061163,58.3841606210745,1.0,2.1655054787493575,5.446435658614867,2.0,0
35.5670911722227,37.254362087726605,52.95810182507846,0.0,11.779036217163402,2.0223532129586816,2.0,1
28.850727798163778,40.995885346296866,64.4995830113021,0.0,11.827731536491894,3.923244361510741,2.0,1
30.81517701279871,38.38374490666104,70.82494355598544,0.0,4.108664427620461,11.436503990297398,2.0,1
19.724994478173898,22.222346814409615,45.71415135321781,1.0,-0.7465087851435591,0.33600056656396865,2.0,0
68.0705412237531,44.935556583321,79.05133532412466,0.0,21.50693273188477,52.44757402250545,1.0,2
5.450692279207571,21.703663877131927,58.529275959123694,1.0,1.2938152269227554,4.423882646367464,2.0,0
84.5656965689197,47.25536587205012,68.36180313767225,0.0,16.475072814753677,41.728337035574214,0.0,2
78.91327926816959,64.78992877378903,75.95825193475805,0.0,10.790787631564278,90.19724244861905,1.0,2
43.53256814848916,39.493293744606156,74.83474696847671,1.0,12.16228674877093,1.624629858229805,2.0,1
14.607264121016552,25.960345073815358,41.54375060452936,1.0,-1.365730055297282,1.8008111050970654,2.0,0
10.811826822657665,22.819680859951433,43.74248540821004,1.0,2.769593880898872,2.5259271377036057,2.0,0
27.114572526179266,37.65966591394016,63.61430228722085,1.0,6.020954748767816,0.9559057201216107,1.0,1
7.929437810427707,20.30537311886901,45.690827713538674,1.0,-0.27529225823572956,6.734494383104779,2.0,0
79.73863365178268,47.991200479533354,82.227185247715,0.0,23.362570784326984,82.59527603557531,0.0,2
11.307658970738245,27.99755657032203,54.83254574903778,1.0,-1.6908956888312208,1.685016954080922,2.0,0
26.622288790458406,36.940195781472966,58.33642551329118,1.0,7.1346788562945305,1.4829150692921593,1.0,1
83.14734819768293,49.89365651462591,84.16427307171952,0.0,9.853060757607347,29.002135010534545,0.0,2
36.727529241810046,41.749408585812745,70.26004852147459,1.0,3.8415828469861877,8.137274922093177,2.0,1
16.381278238369234,26.79416829470085,52.16422753532893,1.0,-0.6284451682818519,2.462968855620871,2.0,0
7.418239267682335,22.752389324452068,45.65100535037278,1.0,-0.9452142452135203,0.6948378600752391,2.0,0
80.91798887978845,43.01529087888968,80.40537073881615,1.0,24.732850403517148,83.39143008587587,0.0,2
11.682661319334926,31.77556508596696,49.64264197839684,1.0,-4.349270819802722,4.966988275827009,1.0,0
43.659643640758915,33.75699089378717,52.09973753472897,1.0,8.376412197436409,31.851760836219626,2.0,1
7.236650647163417,25.89314875259798,44.320628807861446,1.0,-0.8326638418925247,6.619945034667506,2.0,0
11.671566826184801,28.88571358344223,51.989222793174335,1.0,-1.9265805541087713,0.08661045904231122,2.0,0
8.971331767848469,31.357478157804866,57.585591123140134,1.0,-1.1494837871721395,4.373735893300789,2.0,0
13.092856837384694,28.155443992821294,57.18223515293833,1.0,0.3010480414333174,4.275876984494361,2.0,0
10.344051678297554,29.131889120337128,46.35099400515177,1.0,0.6859864216301482,1.4348339841521973,1.0,0
36.031534992589116,35.9209671542925,59.06841619931209,1.0,7.059117745245003,18.30022884522748,2.0,1
30.04123995000363,40.02204224956105,67.92442252659693,1.0,5.658370176792777,14.44903536776378,1.0,1
46.04220275419952,40.705171983177415,55.42888333727662,1.0,7.265906464300373,16.496479163025093,2.0,1
6.40757735472715,21.767636531347645,54.40314921861881,1.0,-1.6485588367977888,3.079785382182081,2.0,0
36.605270261534415,41.66882376874275,72.8552197420203,1.0,5.316347134854282,10.889640177631119,1.0,1
25.493116932331606,41.498395436899955,61.468220605006024,1.0,5.428424431139888,1.2404684406081543,1.0,1
9.626467332909366,26.834477354805244,50.089118833387104,1.0,0.5535246567377508,0.5291834718044308,2.0,0
17.379208855461258,30.245419060456005,53.83311303733083,1.0,-1.0799842998329088,0.8702085738345094,2.0,0
15.542254162626124,23.368198586191692,46.826372919001045,1.0,0.1987457152434683,2.3953830011498787,2.0,0
37.115244247257195,38.24133506842514,50.70013298681146,1.0,9.443408375279258,6.146167382543947,2.0,1
16.280135324284082,21.264379067010278,56.61245520863582,1.0,-0.11238983417767182,0.16509445256057706,2.0,0
21.791280625512535,29.36438603608258,48.15556068812325,1.0,-2.9123517009303317,9.17747143690356,2.0,0
45.43762737633571,40.11098561040385,68.60588146093097,0.0,9.770634095024764,9.47998377833023,1.0,1
15.164299639788448,31.027118403674653,40.609273726179204,1.0,-0.8611238656309044,6.6443856738647025,2.0,0
15.070932339211799,20.5090675784827,52.42661248311414,1.0,-0.8154103441395788,4.181482927929588,1.0,0
46.64804916115012,41.96270786260346,52.94191281613247,1.0,3.512569543669785,36.1135784600842,2.0,1
74.0193735193202,63.022169261979485,80.75197182061748,1.0,13.982686041745136,73.27756391225267,0.0,2
16.817457418809095,22.920760198622364,53.532344671050126,1.0,1.3109846265103238,0.548315387226249,2.0,0
7.582345789709004,28.26086022190564,54.01222992788903,1.0,0.7409660733084672,0.11543459559490364,2.0,0
20.061621720015182,26.92547103245985,54.100818127071854,1.0,-0.7487084272055484,2.9049540743564135,2.0,0
8.594616118941259,29.142821751258438,55.125075828448686,1.0,-0.5818136727937043,0.29695288244634666,1.0,0
87.06832480901731,46.12790399123714,77.72275543244197,0.0,25.568993944814302,43.08051619982167,1.0,2
8.874897763213008,29.53036797532501,47.45017863106932,1.0,1.7657774447765084,2.0660110313353544,2.0,0
36.23177731189233,41.00356915866837,55.82868259045216,1.0,8.929493108318667,4.810872422767169,1.0,1
14.256314665334441,30.25968823473769,56.74945039237549,1.0,0.8221003870607557,6.2367248360850285,2.0,0
18.96137417942422,31.15073664358225,43.68918102119767,1.0,0.5039522601608649,0.7224226093002455,2.0,0
40.36945139047891,35.28906078819844,50.43471857313585,0.0,10.919870045485983,10.033177833996273,1.0,1
43.97358503580014,40.08391019282286,64.34166493872524,1.0,2.9534776835600374,38.20036914805595,1.0,1
12.133201061272429,30.583133099655726,53.76091114148258,1.0,1.7101017697427405,4.609719406798342,2.0,0
47.05480591143972,40.75469345620993,59.28584876616831,1.0,-0.10306760365308776,4.708981608967302,2.0,1
47.132395383506655,33.925277055622686,58.931773049901125,1.0,4.2020916341288235,4.4976257913654525,2.0,1
30.684336610696747,36.34104882981688,60.38898830308291,0.0,6.723228236409885,3.9821880077957754,2.0,1
18.817592643377544,30.26835312605047,48.223809517389824,1.0,2.2955018465316166,0.3921004162114519,2.0,0
19.760611768725397,27.326561060185092,48.60693064744401,1.0,1.2979346342028748,0.2526868182741092,2.0,0
13.842779518903887,27.633152556914506,42.36437244582177,1.0,0.43680413270704876,7.200730915555465,2.0,0
20.024360044378238,20.000139617064395,53.26292497950418,1.0,0.08679607114013471,7.091847388659879,1.0,0
6.753105770210855,31.721603942127913,51.439917565671855,1.0,2.322958942536055,0.9169826572369753,2.0,0
73.11465420303927,45.28105985284302,66.65020317719141,0.0,18.933949786030446,62.526108651301215,0.0,2
43.46881641094451,34.87800862060433,68.8077742668364,1.0,4.117616500572895,15.913341789310525,1.0,1
71.4127303780211,49.484534335209766,78.31987925968876,0.0,24.055769734678854,62.88804548371665,0.0,2
15.146328431587117,22.510225584895135,52.91205154116823,1.0,0.4486286010316588,9.14052730788049,2.0,0
30.597503408346647,36.80116685430661,70.80155241885377,1.0,7.448546237244326,5.895442021546755,1.0,1
85.87147542811601,46.23884344401239,79.4716036213422,0.0,19.231109344417103,113.2045219775399,1.0,2
67.66179888928707,51.14994796339007,84.17129504351291,0.0,22.56858374436536,86.53824389933044,0.0,2
12.87939874460973,20.889265070898404,45.24816752978604,1.0,-1.4471846064445284,0.6493204121614007,2.0,0
93.4157811110124,43.37768613969261,78.36549599906562,1.0,10.100581242676709,28.63918608918784,1.0,2
11.362603527854045,26.993682021001874,49.35362424969754,1.0,-1.142737007488273,1.801681787050201,2.0,0
17.518834256115888,30.305801254017858,46.80008772119784,1.0,-0.9778328737970712,1.0876910630010934,2.0,0
12.656305916389147,27.043238078706885,51.95616026803028,1.0,-1.4584473671022522,6.238072516219063,2.0,0
9.224315376845919,20.602712137567686,55.27384538700641,1.0,-2.0750111654574157,4.822000047275843,1.0,0
29.196955615282274,37.195712071399804,69.4800784191277,1.0,7.223637152692473,22.774953033008572,2.0,1
33.19006249635918,37.60893469917419,74.86884220154928,1.0,5.720218003374706,4.714286678587355,1.0,1
20.545003080724314,24.142306501930527,57.723425881119866,1.0,-1.1436269259043716,5.506185912387329,2.0,0
29.29083198049916,37.62893831018873,62.53101193563383,0.0,6.496154307071589,2.390835450569182,1.0,1
78.05408455817175,47.70700872243305,80.69534172497231,1.0,10.729390755063815,70.70871418061768,1.0,2
29.38649681910914,36.9035509460638,51.99787773366517,0.0,-0.7576005443509475,0.1874555553798136,1.0,1
94.05399112313546,58.31653117879998,78.81282608939448,0.0,17.396441367730755,40.28600197653253,0.0,2
13.405145179943885,22.90272593910607,56.521293690965706,1.0,0.5248855728740888,0.31688622243956976,2.0,0
44.53014263170581,34.65117828571964,54.2025637451295,1.0,3.9577006602629194,19.337884006034574,2.0,1
61.505832197030315,63.56060961449521,66.97319503002684,0.0,18.310307308879125,93.37395438206731,1.0,2
54.52103411817111,48.49942701635049,85.63015179934419,0.0,10.489811708879145,42.58892146524789,0.0,2
45.68480640742327,39.2149737635968,50.567171054561186,1.0,9.439415632463707,8.545559494418027,2.0,1
34.30707461180733,39.983765178748996,52.500452250608056,1.0,6.556189969403284,30.419947761699177,1.0,1
14.225833413690223,31.248656797965428,48.76357226496689,1.0,0.5501196118383855,4.468004966412877,2.0,0
20.173502974329622,24.69830837813395,48.85596273087475,1.0,0.7651865418751123,2.1413535172045903,2.0,0
18.81931715521132,23.09128664400466,45.439091187963975,1.0,1.47577851540922,0.5813146606127012,2.0,0
14.054493529735394,24.626142856843067,41.13762795555293,1.0,3.4870483714851264,1.155303174911726,2.0,0
19.10561066302243,21.689635386712112,45.66568806985155,1.0,-0.05874317316413914,5.240440556272072,2.0,0
15.508647483408025,28.83842274001751,44.08175322311521,1.0,1.6750219126012835,2.4477399577431305,2.0,0
9.280584001418196,26.037007409358036,51.477316993541926,1.0,-0.25245063475746404,8.210173685152803,2.0,0
21.762018084988807,20.76369091143971,46.60569335004169,1.0,1.757715214910767,0.08996136488110641,2.0,0
32.78871297778878,38.86776342530665,63.17007297139841,1.0,9.567389344360398,2.504868293379719,1.0,1
36.12465025243093,39.75350034381631,74.78504657624029,0.0,2.48884920568698,57.623502219976345,2.0,1
47.58410904353253,37.90712146493017,52.392155182647656,0.0,9.790617032389523,4.1850047374055155,2.0,1
65.76400369024871,66.28829503523947,72.80717073195984,0.0,18.68112897886765,93.01609589324272,0.0,2
13.737821315716783,27.827499783103278,43.537939016479676,1.0,-0.8545484443885971,0.7642773137902037,1.0,0
10.549842240147862,28.413675133009683,42.19726227481566,1.0,0.2926153881339032,0.6050695792949332,2.0,0
9.026799502566195,23.263352473021385,40.80667704276904,1.0,-0.665410245311079,3.909341553050396,2.0,0
37.84587152269898,39.92441231816856,67.85794926525932,0.0,6.277263442017709,5.523764708787611,2.0,1
11.335704789209338,29.05097911618497,54.84584462973894,1.0,-0.5634504910760103,0.6458992812412925,2.0,0
20.654413412866674,24.77134854263445,55.270316873364244,1.0,-0.1009161973703018,3.4068495857932257,2.0,0
61.3017586678158,63.71895184358348,82.8282835730428,0.0,17.979136741788384,66.61956543514964,0.0,2
11.648386123079932,23.4702493555514,44.84707390273525,1.0,0.8963065588420923,4.733689791211898,2.0,0
47.279247002374966,35.67166830851986,51.92123654653086,1.0,5.399238519561673,16.134285706361375,1.0,1
30.316227866226498,37.836219743041895,52.32148682358803,0.0,5.273135705464835,15.847507889116944,2.0,1
12.864590264568378,31.049199301560286,48.6738866264076,1.0,-2.438238405299749,5.373049460308398,2.0,0
16.434236009827146,26.49086004605697,43.84046738272689,1.0,-0.7167597760556867,5.877972066233593,2.0,0
11.3462583767558,27.737991248267765,58.140839208300434,1.0,-0.02433467639391186,0.4596689638501054,2.0,0
30.129290752473196,35.787125079163104,59.77083873168054,0.0,15.852354603863652,8.963204484067525,2.0,1
9.139199041797088,29.653935709181866,55.15553120750316,1.0,2.6632362738600723,3.2411304494178736,2.0,0
28.07184011486012,40.709259998047116,50.21215030208607,1.0,6.1142340581893775,1.3690978906007487,2.0,1
19.821339971668944,23.28885907210629,49.214672004833474,1.0,-0.867170188073465,2.4295999057615507,1.0,0
7.871896072226797,24.0872499989755,56.99918661006411,1.0,0.17018406008482856,3.028455680524017,2.0,0
17.74408113962972,23.480546383549243,42.44995723931979,1.0,-0.451238934048448,7.186978853967386,2.0,0
13.765132485847253,27.29303219714783,50.64941815767795,1.0,0.24504053237370071,3.20343368692275,2.0,0
18.29447749039656,27.11789862847362,49.137761434745336,1.0,-2.0634511331795427,4.112233546078691,1.0,0
12.790299138355783,24.228499359315855,40.57304855155309,1.0,3.303020886989424,0.3795909982157407,2.0,0
16.93343691338096,31.8198758736905,51.140810265500704,1.0,-0.6684754545449918,1.2701839299882445,2.0,0
10.815389728170427,29.641792919562615,43.267335167968405,1.0,-3.3791900920970086,2.3696272302039363,2.0,0
9.384348059763976,30.52508697221827,54.68731352984437,0.0,1.6871650799787188,0.163750706961287,2.0,0
30.762521758240364,36.973560689602536,55.212361873856516,0.0,6.845802909615486,3.3537711688426755,1.0,1
9.925774699534056,23.667250585882577,40.205689918713844,1.0,-2.4383160503430914,0.46826094342217084,2.0,0
79.0940355265827,57.51417558976969,81.31015080586678,0.0,5.738769876622586,100.93589088956887,0.0,2
56.78028130841517,61.15452805000038,66.81477526944539,0.0,28.110386071999102,102.61877896787202,1.0,2
10.697020522405413,24.027325451238113,55.09138722411473,1.0,2.8066117234621712,1.357799721491088,2.0,0
40.10691304982683,34.97134525477853,61.84076888711524,0.0,-0.15834729951157556,8.48702605047601,1.0,1
11.345280457698781,30.528205437594064,41.05487904324435,1.0,-0.3700866361716608,1.3104300181086947,2.0,0
93.7464382638554,61.10191054476008,74.02418709107587,0.0,24.095139113957863,90.17721660490614,0.0,2
8.666477590761192,24.70231247825631,51.163423677808815,1.0,-0.7919910326484204,5.976996528712668,2.0,0
19.66018304869467,28.075599468733188,57.4723705747443,1.0,-0.5794837131707633,0.7924197799893635,1.0,0
37.692049157142456,40.93991170635582,72.21839473466564,1.0,5.361420351730898,13.43787493918802,2.0,1
52.70675049109007,52.587877362757624,71.64303894071479,0.0,21.547737535760838,80.46453974772083,0.0,2
15.865038942863507,21.264145813775997,54.521697029677014,1.0,-3.5512164800599173,2.1670066177106455,2.0,0
20.56330105899671,20.108461628951506,46.049326349229396,1.0,-1.6947747858278397,0.8489908327821023,2.0,0
19.049776923831608,20.504296102056863,43.07799809387547,1.0,0.20093757087035297,0.27940506661889014,2.0,0
12.211774157198597,28.03040315525694,56.4654642536006,1.0,2.8029048287445035,2.277288547915061,2.0,0
8.886927693558867,20.96216016898284,41.88837795320962,1.0,-0.13062708921472488,2.0987601100692235,2.0,0
16.078336031390045,23.334233313076545,50.940906912311554,1.0,1.6031884820914384,2.954221518029902,2.0,0
21.17385681751317,22.57895164443675,46.19383422210378,1.0,-1.5586667525516087,7.121367960220427,2.0,0
7.654594155225237,23.448915157586956,49.676050797212945,1.0,-2.104299235811782,7.86931487621232,2.0,0
9.47291368848433,28.130379366604217,53.943325085807004,1.0,3.5539309512172457,0.05497453402263486,2.0,0
25.56726483085425,35.562281719988,66.91841746699717,0.0,3.9863667745983338,3.267886463494282,1.0,1
40.50744091744858,36.81904325816648,60.843176566150404,0.0,5.4544198026295145,4.370685549943174,2.0,1
5.8196046606294525,20.828550875775196,40.73425886966133,1.0,0.713627987747298,0.6623297926861234,2.0,0
17.720414736522194,24.655841119362435,45.04623854139374,1.0,-0.8786890851730352,0.5281251049507258,2.0,0
89.39353093334438,46.778349996222346,81.01630913907887,0.0,9.481048119254583,33.97596814200154,1.0,2
29.544445474051322,41.771482897769175,74.71901014735654,0.0,8.496276055121838,8.363409189998531,0.0,1
21.6801650264662,21.95642404317909,48.06961938053999,1.0,-1.1322992948578814,8.70768262935858,2.0,0
86.30601586978158,50.4075511279821,70.19483017730991,0.0,14.95977494273857,80.11783751393057,0.0,2
13.589290331613572,25.070581139743336,55.20321859580318,1.0,1.831942418527722,2.7421247276392453,2.0,0
45.6356950114312,41.06102291374104,56.27780717047515,1.0,3.8316592336665187,12.06267565127306,2.0,1
29.978190918468446,34.63193270493882,72.25772994436412,1.0,6.75663901008859,0.09583181443956004,2.0,1
28.7729187827575,41.55981611610369,54.23118993607236,0.0,5.416246010880997,6.571569335328686,2.0,1
31.033264553807296,39.966555362515045,63.4107599197373,0.0,7.5778325418744,2.4797786667443025,2.0,1
16.994777932766702,26.781023749433075,44.97079641854852,1.0,0.7810342446340031,0.030029013690359332,2.0,0
6.643499643994233,30.373198962420368,43.034858259061046,1.0,-1.5752798060425042,0.9546203324010387,1.0,0
94.53138662519075,65.8672731177058,84.21853800453727,0.0,9.31870219943578,118.96202775494548,0.0,2
21.57148375649531,22.40338421441151,49.78096800898567,1.0,-0.46359935510739025,1.0328526056346814,2.0,0
9.05921147806114,26.200380622715215,42.10802754792925,1.0,-1.4319271529250903,2.481092726345359,2.0,0
65.53643552376357,43.052015979407145,84.93310925266485,0.0,25.687617872408055,56.99531492895224,0.0,2
57.975295941915135,67.92873599395418,66.20698665907629,0.0,19.629493200921555,53.985653269448875,0.0,2
21.75605771988021,31.980170136715394,45.43266362548739,1.0,0.2764635961171552,2.714240775050668,2.0,0
17.447823068962542,31.521627252865365,47.404643713691534,1.0,-0.07667803952306648,1.7151052664172228,2.0,0
44.84961980744134,34.93283459966225,60.69252927048096,1.0,4.124677737919042,23.284785673677696,2.0,1
62.73495398860702,61.302995010265754,73.68546884322333,1.0,22.552537155936236,115.61422732812105,1.0,2
16.201707012472575,20.697103424964197,47.15622498671186,1.0,1.6681509288320078,2.005939981983718,2.0,0
34.106645203721406,37.487122952671996,65.09004800553095,1.0,3.344914103211604,5.255123773192969,2.0,1
81.48409536234885,63.98508359736264,79.62194589987119,0.0,17.6739549537801,44.21478337998123,0.0,2
12.582098140285247,22.28129179740473,45.38323141983258,1.0,-0.82468403945705,5.752244803412061,2.0,0
16.22335540420143,31.605519383110046,55.66595965912096,1.0,-1.4130902753613674,2.1648302149555008,1.0,0
16.868749138335666,29.631028154957754,52.62750652096502,1.0,1.446233826257968,9.439091279969142,2.0,0
5.193011961046124,26.209356221060496,56.3676084955907,1.0,1.6348574386362453,5.409601239059217,2.0,0
29.1982256731995,41.62868967217594,69.21836983447007,0.0,7.251987904981319,47.21668390083808,1.0,1
41.37378607615002,34.52520037999596,63.04568685909612,1.0,1.4932042429791572,20.75579522451308,1.0,1
7.946003441204378,27.383576300837625,46.9161219682085,1.0,-1.826105690245428,0.06064401082674071,2.0,0
38.081689358026175,36.24726143621176,66.26436977773365,0.0,7.237924084328897,5.193706593021369,1.0,1
19.5930167813312,25.524299254423116,46.68802357977497,1.0,-1.9175289432034865,7.250552462807164,2.0,0
9.706920018502464,20.467952150898938,49.962598870960846,1.0,-1.7010302789024372,0.7724337338989421,2.0,0
19.436326076610428,21.940057234843543,43.65626777078452,1.0,-1.388088386464434,1.3175466475499438,2.0,0
34.230485210648155,39.637405360139276,52.24248242520637,1.0,5.579466210523968,19.472127303697814,2.0,1
43.15708317275546,41.27486640502567,50.26417806936107,1.0,6.364509029456803,35.734021981021826,1.0,1
16.52627459350408,23.558718946471167,40.71180461612953,0.0,-1.3018836941267304,1.4806725605264353,2.0,0
26.78631482090213,35.79633171202417,69.51933087217974,1.0,4.026125617003466,3.7436389639216725,2.0,1
30.790465890545306,39.204049399800745,70.1828575192263,1.0,5.995456491155862,5.901370434585085,1.0,1
88.57582357696694,43.918204722647886,86.30105529178438,0.0,28.62574532008647,62.62682612208556,0.0,2
9.65165332678832,28.088239028705512,44.93922333983785,1.0,-0.949909057065409,1.938371141759948,2.0,0
15.509707076376438,30.834739942303848,41.624592696133455,1.0,0.720880137641569,7.4793814916969925,2.0,0
34.45069781481155,33.40418546857858,62.28169071225002,1.0,0.6427761541612114,28.407504989209592,2.0,1
18.00301544621618,25.5708622368707,59.32548595496372,1.0,-3.0375598705142597,2.6908630252578694,1.0,0
36.30710693132761,36.167145501827946,64.01271835194933,0.0,10.382040996387412,18.120284305910797,2.0,1
5.335079141824191,20.176320663859446,51.069435524197,1.0,-0.28995633967195483,1.7154714043826464,2.0,0
18.82075755817359,28.672853026865656,59.40148913333414,1.0,0.23714084786517903,6.328405632710728,2.0,0
18.511792160208024,22.37717159311688,47.619825473367996,1.0,0.7586031487091984,3.7724957724829125,2.0,0
12.233386685617281,24.421387038998947,58.81984645148874,0.0,0.5992040589032777,3.6149835170932914,2.0,0
16.201052993955173,30.748097331425342,46.940046708244,1.0,2.0296037402496108,1.3933511922274597,2.0,0
35.038313172931595,40.96322772864176,67.44511746236022,1.0,8.60709382659252,1.1492483355223921,1.0,1
18.20214649745961,31.64811854491693,59.07265215659379,1.0,-0.9462696044207831,4.307357146537759,2.0,0
66.53582388787271,51.9474521386412,67.87231620453485,0.0,9.979667495120268,89.70540237120466,0.0,2
43.68525713272025,41.87365515961275,53.10242190274206,0.0,7.4370078722759665,2.227270741107976,1.0,1
19.75841832441759,28.425753154181955,52.46759131919814,1.0,2.013270196867281,0.3374521685112192,2.0,0
16.305623467286345,28.089563546432757,40.4027569789858,1.0,0.6858195955387708,1.1897094270727504,2.0,0
40.03189668753944,33.667072569473625,63.045826212371246,1.0,7.069431314008476,41.624367727091425,2.0,1
13.423352375505374,22.903725563804546,59.31277950533601,1.0,-1.3860942110115981,1.3876314113472064,2.0,0
30.742664479804475,40.19846508644911,63.229752468664174,0.0,7.618964323035211,17.985415179167703,2.0,1
43.328966012080485,40.88666976442337,56.64196163757093,0.0,13.032161336497879,2.546191692508616,2.0,1
17.8272288594396,24.564806587644917,43.22734716776766,1.0,2.0049860366384746,2.1822021822673667,2.0,0
92.72235006770738,54.131977920931114,66.71623827808028,1.0,13.46414825210993,61.08007484040575,0.0,2
9.388268355919168,22.999483356771456,56.78199397599223,1.0,0.175686324224777,2.4411914945649444,2.0,0
17.343552673285245,29.519136205259052,56.884246505722864,1.0,2.385605352860458,2.313476008985967,2.0,0
15.309294014213028,23.26339671354357,45.19341677900828,1.0,-2.2181656857694287,8.87261021019467,2.0,0
12.375478037045543,23.77220135820498,47.86207815118802,0.0,-0.41268214238256995,3.580043489073765,2.0,0
17.379677926401612,29.427819416962784,56.61898342110137,1.0,-0.8869170140545585,3.5658169656666905,2.0,0
13.544830582788267,26.78396305485932,56.16811477787382,1.0,-0.13005170422231307,4.829129967601453,2.0,0
25.09433335989384,38.62102772325655,58.873549112231046,0.0,1.2683110916036338,0.2643580132705029,2.0,1
82.702116466511,63.721564329188794,85.11532887690888,0.0,16.175608451605452,114.66144735421526,0.0,2
17.471444469543833,29.708283683500117,58.96739105577838,1.0,-0.015697693579094008,0.1349031083844206,2.0,0
90.87551346727625,55.69149991128077,73.91988504067216,0.0,22.300365886304057,116.69662765304061,0.0,2
7.847203898404186,31.724083453267323,42.94326502189891,1.0,0.48149634552903475,1.9759559435942582,2.0,0
27.278297986967722,40.99297127110325,63.3907913211808,1.0,10.08528274002067,22.734374983568948,0.0,1
25.166805844348325,34.40970763071467,60.57783577489465,1.0,4.417909986839675,3.669881679160998,2.0,1
16.426304305899933,27.7107823944223,43.69264914694738,1.0,-2.8570120401981955,0.1462575511545351,2.0,0
12.714422203521867,29.471514179836227,55.39493245714174,1.0,-3.1211107880864675,1.2444058190205352,2.0,0
39.163228698331864,35.0114887891918,51.77941997159192,1.0,10.440549230645594,4.496710135435985,2.0,1
71.5943976595566,46.079797201070754,72.53195689443633,0.0,13.783003122387353,78.02030191556977,0.0,2
9.416660878090717,28.813327184907095,56.37738541040943,1.0,-2.58865668721886,0.23115863876730944,2.0,0
39.109520812518916,38.89126320172314,54.76870659264507,1.0,0.7266377281737828,5.243387003196762,1.0,1
14.43841379719086,25.957533828263596,49.279633963337744,1.0,-1.0465783558473674,5.099060703397487,1.0,0
18.5117623287488,24.23550204142828,50.235609131389616,1.0,0.6747408205897649,1.0608133383512635,2.0,0
71.65618469352589,43.9763654603139,76.46337348240371,0.0,15.409492949813234,36.423918481224796,1.0,2
14.328474419231965,20.40336320219939,53.84022511893309,1.0,-0.34157942225362925,1.1263736815434169,2.0,0
40.159987990332695,34.314816297957776,59.8362038305909,1.0,4.440976565389094,16.713571982579836,1.0,1
82.84386352256398,43.55040289167796,71.53719456466348,0.0,22.944914180733832,77.0284822786729,1.0,2
6.725016228722546,25.39687810940648,48.624677395831156,1.0,-1.106069855246938,2.124137410827214,2.0,0
13.453224600170552,29.418763725337612,55.14096229397251,1.0,-1.6722332810286213,12.169107648071044,2.0,0
5.777614574812718,21.580580342949123,45.96132402340008,1.0,-2.020880876372024,0.010180799201988638,2.0,0
9.6607313315167,29.904987969487376,54.77092106793927,1.0,-1.5820566824488798,2.135699700567499,2.0,0
8.484733022068957,26.228387361554585,52.202158440724695,1.0,1.7340100041766906,1.3683164018425555,2.0,0
5.715584223818152,30.710698729837695,54.50743200469715,1.0,-0.39681884805708323,7.073443262723128,2.0,0
20.082616623797552,28.717540581356058,41.32330377668881,1.0,0.30761300885194487,5.365318238578219,2.0,0
13.472252136571155,28.556552607611824,41.45469895557337,1.0,0.2181408261086391,7.159037593235322,2.0,0
5.156349877482704,29.112779149015566,59.39447265595954,1.0,2.5083988561462913,0.21368559499798068,2.0,0
25.267411829563432,34.13783604439525,61.97082039579204,1.0,9.521526061100108,4.3420598221333115,2.0,1
9.237967895530874,22.429766721982848,57.69710235392009,1.0,0.8867041768858988,4.073954666430685,2.0,0
64.59494404578446,53.74849369462797,81.33239417563512,0.0,18.26893879159371,112.58312870988513,0.0,2
12.074617969055947,30.37590706229768,59.21492605542711,1.0,-2.691215266797901,1.6981011629661613,2.0,0
8.509161619930254,27.46896369879196,48.006256723459884,1.0,-0.9818003564974649,3.589969234191792,2.0,0
30.999208744491455,39.61604242356356,68.24685031606602,0.0,6.694585440652558,9.505307071613586,1.0,1
41.79172883187657,36.114021716750486,69.98067765728817,0.0,5.9552238826711195,2.046178269685016,2.0,1
6.377785670430015,20.94146979580549,54.48058377545843,1.0,-1.256108587973237,1.551318970791544,1.0,0
45.07064381689755,40.35285042728162,64.69834332585661,1.0,4.143033591456952,24.958960395877455,1.0,1
44.32773347908491,36.61728168293409,61.791320033209715,1.0,0.7346939061865152,13.299983708790888,1.0,1
16.844531811190564,22.551732516453153,56.11297610726684,1.0,1.0836704778314692,2.5596768068683966,2.0,0
19.852510941167758,30.401244254072004,50.22227276979001,1.0,-2.565905031654771,9.179921974269579,1.0,0
19.739535434081624,27.562966633473895,47.90106675713592,1.0,-2.0461589907275375,9.279209402881849,1.0,0
80.04703026426239,53.48751850528346,74.22054632013241,0.0,18.836714796175183,74.40594464253827,0.0,2
7.956219236731284,20.655613040011666,48.44384467761356,1.0,-0.6317982249193698,6.963417982685522,2.0,0
31.99619698545587,35.20706962408511,60.37119924524558,0.0,3.4422822337605017,26.431790130086767,1.0,1
46.71601036063022,38.206259259016974,70.18746829141652,0.0,4.70363687061174,2.45739677915202,1.0,1
58.89544154096771,64.50875837021391,75.19810031416914,0.0,12.685586396197472,47.4998035025939,0.0,2
8.48737388819412,29.21081154221502,57.32846367079401,1.0,-1.0285123763851953,1.6036537192050644,2.0,0
84.72186327486108,65.06842097455612,68.69095895529196,0.0,26.012718370210457,54.91338396218623,1.0,2
8.136857329058415,21.92029923755833,46.15541810586298,1.0,-0.33239954157755897,1.3956203047919329,2.0,0
44.76528516931489,37.511094540105674,58.87736915907975,1.0,7.049483738040264,7.263309256919735,2.0,1
27.56687358739351,33.63176950266942,67.91784024004816,1.0,9.422687931450824,3.0005567302175256,2.0,1
20.987795933999543,30.207392694093656,50.63144305373463,1.0,1.87842549293496,0.8942285764315134,1.0,0
15.921127729507365,22.878489353071338,57.36819047893868,1.0,0.10400574257302195,2.307644715152683,2.0,0
94.60149476415839,56.649853385574374,76.9259170500234,1.0,19.626205517167467,108.30293913191315,0.0,2
74.72115628626392,52.502649967895096,69.27245829274284,0.0,14.48732987448019,27.220869662567196,1.0,2
82.12891082838487,58.651111761642916,68.92144300112157,1.0,20.684317778840565,46.25839406309463,0.0,2
20.875875297974382,28.78881258870055,57.15869827994658,1.0,-2.1106307921760252,0.28918941266915543,2.0,0
11.959998087251087,24.460871538875963,52.51363824522706,1.0,-0.933405334340994,0.6475830129670559,2.0,0
21.433131923742383,28.494021166757225,51.2437762212905,1.0,0.24998372603976599,3.8024441369020634,1.0,0
10.793660184301302,21.331873630561773,49.85070761428578,1.0,2.5609947143388343,1.674923078945207,2.0,0
44.53890632243159,41.07566929679965,54.39644703290481,1.0,6.064996235110691,1.3830508588675638,1.0,1
11.759104765367503,31.333382992331643,53.824933275719786,1.0,-1.7460759486087383,3.899219497714327,2.0,0
16.654609882892515,27.881072761694686,52.553377543176175,1.0,1.3184459596059768,1.3978863283788294,2.0,0
17.961797657591738,22.788611876672576,41.60211453219205,1.0,-1.1490678036006,5.340974478708024,2.0,0
6.180205326683588,28.978206944586155,59.532352746300184,1.0,1.8745656302764777,1.5738702439013879,2.0,0
14.179271214769512,24.102863337265884,59.580636815833344,1.0,0.9529937928243093,0.0926069922852107,1.0,0
32.0324682043006,39.93440422651167,56.3698088932826,1.0,7.945640242898993,20.56972579272888,1.0,1
7.376130402646922,22.52845956640644,40.44132297364582,1.0,-0.12338054950717975,0.6749162754520174,1.0,0
47.48764077307081,35.080362308064096,61.65008785882532,0.0,2.2609791191373785,1.426938318518903,2.0,1
20.275421204960345,22.994554398194072,59.67134413027326,1.0,-2.2507148237445023,2.6022718562274894,2.0,0
15.935899713520005,27.451142809741174,47.85790217786358,1.0,1.8277203223075298,16.222019463666314,1.0,0
32.70613093158509,37.13024871868862,69.33382783708574,0.0,12.209843217209036,3.7546494657337055,2.0,1
93.01795797537326,55.36256136989805,77.40386006818801,0.0,22.990398830089063,91.46166301768483,0.0,2
17.764808152455455,26.559778642253463,50.59881173860466,0.0,-2.00485275047238,1.0108692784351307,2.0,0
11.814474084981878,28.19140665468083,40.9738969679986,1.0,-0.7244758891092611,0.2632223581714993,2.0,0
26.072625710616578,34.01898584940104,74.23325313379151,1.0,7.377483947935675,21.4396871189842,2.0,1
15.258626087483425,31.616789744609108,40.90302728824584,1.0,2.0619169013648317,0.4858230760932555,2.0,0
7.043553941300344,22.201306356841215,42.12320707094934,1.0,-0.0859056162331534,0.25290740810896756,2.0,0
9.75964459222483,30.362570270174544,51.53963224835364,1.0,-3.4522075765049802,5.385795629785326,1.0,0
13.157885545166451,20.432225819497116,43.783915847807094,1.0,4.403109309582702,4.139700815362567,2.0,0
65.98134018793945,55.09125947940338,73.22478909078858,0.0,16.939949443750546,91.29129306600147,0.0,2
7.552873013889708,31.417337907957105,42.7890047241032,1.0,1.4222144257080744,2.842673875868881,2.0,0
12.228629575976969,24.776063515454034,56.203221799194054,1.0,-0.0894814679882874,2.1116055476975344,2.0,0
54.17626615255846,43.55551598799846,71.8344343298468,0.0,11.067023747227415,117.35741114766631,0.0,2
5.221032699682513,29.28789653783315,45.22666035770767,1.0,0.3806059451622497,1.3625103892904082,2.0,0
33.90601071282171,33.650448110297134,69.4723161275643,1.0,7.532028413576422,1.0630978434811449,1.0,1
34.46096372427451,37.50133274847959,56.80961448158224,1.0,1.0364688152617623,0.8053075743290061,2.0,1
6.555276235761832,28.902755923504582,51.921002315219006,1.0,2.3087135187159755,4.868721843305692,1.0,0
14.893513832544778,31.41707865014679,57.749378804257645,1.0,-1.951663899587018,5.739043899811723,2.0,0
40.86979751614904,40.347579537254134,63.37766950001509,0.0,9.038828654009343,3.073467722039301,2.0,1
17.89047433079338,28.072435930506778,42.476920534116346,1.0,0.28048531458699644,0.6867063538283391,2.0,0
21.742300382359687,30.072061908272026,41.53516123777476,1.0,0.16202118146925137,7.792049430666536,2.0,0
53.45433059392557,53.39385969189005,68.67027635409441,0.0,15.523684324831414,91.30617255335271,0.0,2
37.33787955566223,39.05383865489134,73.50870944175479,1.0,4.044143537929843,0.9868519207162352,2.0,1
16.94222942778086,23.103450018656467,53.51645850208147,1.0,1.7488747803828342,3.04685991074626,2.0,0
18.896540549553496,21.442486749446914,54.6921660142107,1.0,2.1467281766426116,5.04629575569184,2.0,0
10.123423860790416,29.193391193547036,40.96725422097562,1.0,-1.2327222426320188,2.5346136986648142,2.0,0
10.883695351142354,21.844292514130455,59.7624815190927,1.0,-1.13950952662883,1.3758013566571368,2.0,0
5.166104406126122,27.051030453312823,43.603172954652386,1.0,-0.5132229766908583,3.119913263736941,2.0,0
21.480997365681272,21.49784976760218,42.53648045100837,1.0,-2.97294672860807,6.586395177778854,1.0,0
32.55761974964526,35.320830031932076,60.81762286566375,1.0,5.890658039225887,59.302451694881725,1.0,1
15.510331116015031,23.470937263671853,51.66260438199167,1.0,-2.9210137112112213,2.668353004659719,2.0,0
18.51816531106796,23.322853848533708,51.46084401238031,1.0,0.652411557551848,1.363544770584827,2.0,0
7.972256663427014,21.014784537166854,45.63650006590944,1.0,0.31328031380149757,5.4017678793543835,2.0,0
21.14659852596271,21.366060721719215,57.80768641710532,1.0,-0.03457583412819929,1.310429279617178,2.0,0
14.691039891519205,27.81168160581145,48.06415512266504,0.0,1.8668477405328834,0.4468178173885604,1.0,0
12.04020579299176,20.75077810663342,40.12367645281793,1.0,-0.37182017861799455,3.7176358965208385,2.0,0
26.949467885332403,35.1551830158102,72.26696489013676,0.0,6.612461615988082,32.055476372940376,2.0,1
5.184240075165072,30.300100121589452,48.16911162816965,0.0,-2.321702334463547,2.4277405200174766,2.0,0
28.903408577082946,41.88836197061953,53.38099569961806,1.0,13.322771896369606,9.711917175639227,1.0,1
60.89224375337707,55.576711586970774,81.0055769836577,0.0,23.100025607817557,95.5830177764509,0.0,2
83.96256622717667,66.07182936219726,80.9481316042683,0.0,14.53667426170732,31.888972152068437,1.0,2
5.534296156674483,26.6507181695842,52.22927222451322,1.0,-1.8488104668304204,0.19043560603082385,2.0,0
16.03657513597308,27.22308117218158,44.206371125715876,1.0,-0.06889324311024096,0.009379601620991574,2.0,0
66.22662760952373,65.25390906433486,74.9128468675679,0.0,34.51937706481924,112.85652052320647,1.0,2
15.763573385098379,22.898007535914,42.62575944009649,1.0,0.9933944732394295,0.1287405638986709,2.0,0
85.40588281760722,51.54663429841735,75.22735182929047,0.0,13.883630840737927,47.93021061038037,0.0,2
35.42213562400549,37.9193483714752,63.09245965678272,1.0,5.072268277101811,6.603936902241126,1.0,1
34.81874800842525,34.83840797910168,65.33731929629948,1.0,2.6149459874676673,14.32796598644445,2.0,1
5.312641501306935,31.895934818770648,48.52999494483722,1.0,1.6343048746149609,2.82619959752199,2.0,0
63.13683115188421,62.43937567597625,71.28634435901427,0.0,16.55874677398488,43.14837038720731,0.0,2
16.422176641178382,30.025762708906335,49.43479675036878,1.0,2.0191496917713865,5.162961411818683,2.0,0
6.878059923233709,29.105315045087902,56.777077238081375,1.0,0.7773284256681173,1.956250225696433,2.0,0
8.328225756620284,22.61200879496643,45.70411605360828,1.0,1.1211674571405839,0.1155457465168076,2.0,0
29.345018697974993,34.31282214258506,53.5009807816088,1.0,0.9046482947992471,3.7072551413421095,2.0,1
21.103225815525597,26.257348268523074,48.54972908180536,1.0,-1.1671421787490714,0.7148775990773596,2.0,0
18.894062089362393,21.096697835981317,43.909160007368,1.0,1.6104329158613573,0.2666366652047509,2.0,0
38.02698657451524,34.89581037871983,63.05238092286972,1.0,5.220939409676794,41.841107383969465,1.0,1
12.27214327350966,25.716028799613184,57.72760723920283,1.0,-3.5773582634258734,6.0169990450866955,2.0,0
9.170934864582456,27.57106148274996,57.59504804588687,1.0,-1.2802432200920124,7.154334847307709,2.0,0
74.1673563843182,56.975076751870766,66.6303666336099,0.0,19.069438463430334,66.48998439049089,1.0,2
7.072063586728108,28.99973358142485,47.53972334573683,1.0,0.845681812510372,6.284736150700629,2.0,0
66.36539250795416,46.71362878774952,68.80772313481796,0.0,18.39764842406541,103.39542451593444,0.0,2
29.27573936579414,41.08823748421945,66.09994884076184,1.0,4.099080402268268,14.403856622303781,2.0,1
13.820246971143225,21.22270865679216,49.79288152064065,1.0,0.5721384263015129,0.31160947098368297,2.0,0
10.58877737488764,25.171822646159555,46.304788692989014,1.0,0.4624380954582315,1.9452659007594937,2.0,0
17.796182872479903,28.335145127039425,57.32071350091513,1.0,-1.7649674158500797,2.2345987508200853,2.0,0
29.42925023897733,34.15321536225471,68.34659959984955,0.0,9.516824878824204,12.995301765439294,2.0,1
12.833239056556337,27.269350993432283,49.56982140214379,0.0,-0.9242151870734152,1.7510176329896467,2.0,0
21.141850602179915,23.30457409106502,59.91137800981376,0.0,-3.307941559133859,0.0028304624155528783,2.0,0
14.541712358681435,22.448427615546787,44.68851200023029,1.0,-1.2541375053294397,1.2477965115859588,2.0,0
21.52029540625633,20.924699349611974,51.55782225388177,1.0,-0.3978563107053033,0.8481661177510003,2.0,0
10.453261104519509,22.213715037603674,51.92163910476612,1.0,4.390905138709995,1.727571582708264,1.0,0
46.32710955052241,40.402824170221244,70.70137432423182,0.0,0.6914692909425835,11.179573776936538,1.0,1
45.89907791082827,38.10000708375148,65.6374209279176,1.0,6.847349292166801,13.65250436754365,2.0,1
15.334386577488559,24.43489039312128,55.33191889424103,1.0,-0.4247278273198135,3.538947544534692,2.0,0
77.57770622643642,48.15412111578018,84.96195603000301,0.0,17.004954566027987,78.43967014243512,0.0,2
9.715480110679255,22.483910941261122,49.57056739839045,1.0,-0.5722341222361391,2.030585327416903,2.0,0
14.364575300355368,30.8232823609898,40.00454076436511,0.0,-0.18979886962058995,2.8215084841375466,2.0,0
5.128568874628416,27.940211460798277,52.61540840345241,1.0,0.4468142865357677,0.13189943839300056,1.0,0
17.933345826487255,29.600851624389914,55.50488103669899,1.0,1.0463804555087985,1.430049812492173,2.0,0
42.05700318069678,40.80663701902111,67.90827568141738,1.0,5.451844614557017,2.1713542293159893,2.0,1
78.833222798431,54.14554455179198,80.7627919841912,0.0,24.848727469927624,32.10199543856913,0.0,2
9.458488753097026,25.19379202651363,46.251960498166,1.0,2.725133444362657,3.391070313294702,2.0,0
37.91754826554073,41.32796763187139,66.21804700387264,1.0,6.043145988732797,15.558593203070842,2.0,1
6.140300115603267,22.506592688061964,48.40022008591326,1.0,0.8683929728568522,9.344992356366731,2.0,0
17.421058674067183,20.17257735286502,41.16915974473754,1.0,1.6822488177748924,4.747691254504284,2.0,0
62.00152475595764,56.40930059310314,69.24959473369121,0.0,13.105763711403934,106.75654634801538,0.0,2
70.44371943282685,57.886387067696134,72.24910999686544,0.0,23.608306474970952,115.15545473391347,1.0,2
18.73804645259509,24.419714366082182,52.45379081899595,1.0,0.2092466942211883,4.892029191897714,2.0,0
68.13781724104416,47.25738960630084,74.71826716235446,0.0,32.85188280561661,39.01097760004041,0.0,2
9.791531171147799,26.151857037740633,48.52242475904461,1.0,0.8971487325711993,10.824043616581797,2.0,0
28.763762350542244,34.88765094544709,60.96646711017759,0.0,5.423996189215741,13.765455791519734,2.0,1
5.629129790163375,25.77068175923611,42.399058834619396,1.0,1.6088126993591383,4.031137912906787,2.0,0
88.44387614886676,63.72397543026683,74.55883373788735,0.0,18.292300076362842,65.17613002612234,0.0,2
30.768495047520616,35.96156535210819,58.71264499578977,1.0,8.7829365954099,9.355692076194853,1.0,1
13.920859337748043,29.230677774057604,56.9024170299207,1.0,-1.1177516554760256,1.3544854019625594,2.0,0
21.829323950629067,21.311170523715457,41.603735136242264,1.0,1.9019407306546334,1.6729233012413607,1.0,0
9.120965451056364,24.638486081876334,58.16037090843325,1.0,1.911642640031372,0.40269561148951305,2.0,0
66.44461510982796,66.09887274562325,78.72988211402176,0.0,13.943693470268478,73.2872117738678,0.0,2
18.423508427507414,26.488381719738925,44.81063170360297,1.0,0.34591627314932166,3.8072085194370775,1.0,0
28.915359746081602,38.19659340419782,51.31478678101696,0.0,6.668148187802894,1.91218885695368,2.0,1
6.8341542588861754,29.405501413824766,45.30992814858145,1.0,1.0469610451951463,0.3240737259909007,2.0,0
30.253624507134525,40.887863473581916,64.57516207511378,1.0,15.289766688427648,18.876759187967266,2.0,1
5.706738603856666,21.002652050128276,59.062402287882755,0.0,0.15396829280949664,2.841866722211778,2.0,0
15.590431920579206,23.612552934011756,45.83822346995615,1.0,0.6911958654239512,2.119859801694828,2.0,0
16.843064005907166,23.411289115130202,43.39774146438115,1.0,-0.3660425282567015,1.4544708012454297,2.0,0
10.908715912062696,31.88814988478919,48.38669360838577,1.0,-1.1340060291849072,1.3490916574701224,2.0,0
9.57288787539666,23.567489483688004,52.50866900333187,1.0,-0.6434710760586295,4.23856386875651,2.0,0
15.854941110289454,24.487052564153764,43.19759526732883,1.0,0.43134585775099216,1.9496347537314134,2.0,0
15.071047670654721,29.584570299854896,55.8518962641827,1.0,-1.1601837660501453,2.1811312578439845,2.0,0
36.27256396263847,34.53096193810868,57.448935723958975,1.0,3.399079630702343,17.876428072752272,2.0,1
76.58470437989385,67.04929674435178,78.74668894463957,0.0,25.570566962370002,28.196163141657397,0.0,2
13.682704143818617,20.77824313379562,51.90425668253749,1.0,-0.3459924999595622,4.44178671878232,2.0,0
41.47011411012481,35.98956113578221,63.008658421789356,1.0,7.444841537064283,42.478918459886216,2.0,1
26.947405728331656,34.93384056464221,60.16345784717533,0.0,7.211821248204913,30.150009696633045,1.0,1
31.449066107578062,33.214254389325085,59.70982950959717,1.0,2.744575370513002,12.214082196550713,2.0,1
20.77178881431862,24.998789941787507,51.90732740313745,1.0,-0.39838894989361706,6.936800309788271,2.0,0
6.350129272812772,30.13845617306275,41.27589112507196,1.0,-0.10084546079419687,2.2800908030464058,2.0,0
14.109070636042382,27.49536857737438,57.68686855942575,0.0,2.1545520513656307,13.621881915032489,2.0,0
19.96134448854479,24.93429821593503,58.95372354128559,1.0,-4.431373411863047,1.4419614369832385,2.0,0
87.63935705553142,57.00010910193147,66.22067398994145,1.0,20.064000637830215,101.94477586952577,1.0,2
89.06457051475564,49.79451252977993,67.30393316563297,0.0,24.85137922180806,101.22267990328554,0.0,2
42.96146313518137,41.357456966193176,69.02004179390255,1.0,4.475204561750038,4.204097633036159,2.0,1
14.21231610543209,30.89478552535543,55.66774439991677,1.0,0.4020756413846299,0.42542185171238855,2.0,0
18.268933759145654,28.308307069532695,46.52340508256507,0.0,-1.2807346312565655,4.809947508650501,2.0,0
32.98164458248963,34.39861015865114,71.75822586385236,1.0,4.262613488979372,22.806036762839774,2.0,1
94.90116629776654,47.50124749916964,81.66034225095402,0.0,13.323262792486606,69.31247352709465,0.0,2
14.80078008374231,20.90726048740101,41.7557647411632,1.0,-0.3378939637370304,4.614183803958074,2.0,0
28.77806426557435,36.163752374371924,66.89477409069963,1.0,1.6294271152558855,21.22299079002546,2.0,1
8.091961434785462,25.16635206154649,49.99917983929577,1.0,-0.1379526993045699,0.48097784991896886,2.0,0
28.575402719598518,39.31348110509205,74.99512860334504,1.0,3.022022953645256,1.404263916541149,2.0,1
18.541133946594996,22.463995264481596,59.62515154782554,1.0,-1.1735308837529903,2.1339545054653377,2.0,0
15.667592874712291,22.10266126526993,54.40767997172891,1.0,-1.5418856475161085,4.266313591335466,1.0,0
13.286330370241732,29.398380959583513,51.54234164775813,1.0,0.08767422105847483,2.3647669662062865,2.0,0
20.932884283019668,31.604423303073755,47.53733760694377,1.0,1.5459897123623392,2.321896453914734,2.0,0
90.77177326218862,49.787914443326784,83.30885456186193,0.0,23.586071129214627,85.09070803642177,0.0,2
15.836308325469512,28.350789418025627,45.02338535096803,1.0,0.5893702658223245,1.875623492239046,2.0,0
5.118186219030242,27.70790631086273,43.25581978412459,1.0,4.054541346607626,0.05807728390868941,2.0,0
25.186321657888417,39.344072180593166,58.602494100743414,0.0,7.604111848908595,11.875799809759199,2.0,1
19.67667204272103,29.645774542321362,40.798450651275026,1.0,-1.0864538013115002,8.787802993100794,2.0,0
43.315952836031926,41.548194181158024,64.1350847987626,1.0,-0.38594737355555964,1.3623072531023641,2.0,1
39.09567331600233,36.29413848832688,56.73364697652761,1.0,-0.48803703154358846,0.3374031209821076,2.0,1
31.26169333652084,40.83043196945753,74.84994333534178,1.0,3.6575851452630195,11.818153550926894,2.0,1
81.35085989487357,51.272797141959366,86.58370259827171,0.0,10.695004042704802,115.04696330532127,0.0,2
10.0059179122126,27.757504899655167,50.427540429474824,1.0,-0.7564470237189349,6.082231929395778,2.0,0
19.974802906381782,30.340290845448145,55.56092612966398,1.0,-2.655721706664117,2.2313541463941116,2.0,0
15.253585860928599,20.094099089263,45.74442418410302,1.0,2.6949978025125256,1.9156211305435855,2.0,0
78.5756116641563,54.24444853914258,81.10905233161185,0.0,18.434162339450307,80.3582767026371,0.0,2
19.754611006840378,22.668335656978044,42.426059960110685,1.0,0.5306559463370842,2.665730966626676,2.0,0
